image_name,diameter,cellprob_threshold,flow_threshold,raw_image_dice_binary,raw_image_iou_binary,raw_n_pred_instances,raw_n_gt_instances,post_image_dice_binary,post_image_iou_binary,post_n_pred_instances,post_n_gt_instances,out_dir
jw-15min 1_c1,40,-2.0,0.3,0.730101917638819,0.5749295378738634,42,29,0.7299179599844826,0.5747014263547611,42,29,/Users/sorro/workspace/02604/project/project_cellpose-main/results_bbbc020/jw-15min 1_c1/d40_cp-2.0_ft0.3
jw-15min 1_c1,40,-2.0,0.5,0.7303704215680824,0.57526260727963,49,29,0.7301904180364253,0.5750393038516,49,29,/Users/sorro/workspace/02604/project/project_cellpose-main/results_bbbc020/jw-15min 1_c1/d40_cp-2.0_ft0.5
jw-15min 1_c1,40,0.0,0.3,0.7641435881308515,0.6183109791655622,46,29,0.7639022377514748,0.6179950009470914,46,29,/Users/sorro/workspace/02604/project/project_cellpose-main/results_bbbc020/jw-15min 1_c1/d40_cp0.0_ft0.3
jw-15min 1_c1,40,0.0,0.5,0.7567474626555781,0.6086836261536895,49,29,0.7564565384992668,0.6083072782887377,49,29,/Users/sorro/workspace/02604/project/project_cellpose-main/results_bbbc020/jw-15min 1_c1/d40_cp0.0_ft0.5
jw-15min 1_c1,40,2.0,0.3,0.755512953729584,0.6070878407242318,45,29,0.7555588954404309,0.6071471704623879,45,29,/Users/sorro/workspace/02604/project/project_cellpose-main/results_bbbc020/jw-15min 1_c1/d40_cp2.0_ft0.3
jw-15min 1_c1,40,2.0,0.5,0.7531389264349665,0.6040279405640491,46,29,0.7531756648295789,0.6040752041679005,46,29,/Users/sorro/workspace/02604/project/project_cellpose-main/results_bbbc020/jw-15min 1_c1/d40_cp2.0_ft0.5
jw-15min 1_c1,55,-2.0,0.3,0.7398012970487102,0.5870513081120872,45,29,0.7396566904743503,0.5868692164143212,45,29,/Users/sorro/workspace/02604/project/project_cellpose-main/results_bbbc020/jw-15min 1_c1/d55_cp-2.0_ft0.3
jw-15min 1_c1,55,-2.0,0.5,0.7348650927487352,0.5808590756106501,47,29,0.7347202976948072,0.5806781665399611,47,29,/Users/sorro/workspace/02604/project/project_cellpose-main/results_bbbc020/jw-15min 1_c1/d55_cp-2.0_ft0.5
jw-15min 1_c1,55,0.0,0.3,0.762507751265259,0.6161717392936206,46,29,0.7621615503070467,0.615719725377816,46,29,/Users/sorro/workspace/02604/project/project_cellpose-main/results_bbbc020/jw-15min 1_c1/d55_cp0.0_ft0.3
jw-15min 1_c1,55,0.0,0.5,0.762507751265259,0.6161717392936206,46,29,0.7621615503070467,0.615719725377816,46,29,/Users/sorro/workspace/02604/project/project_cellpose-main/results_bbbc020/jw-15min 1_c1/d55_cp0.0_ft0.5
jw-15min 1_c1,55,2.0,0.3,0.7506893686013334,0.6008828787127974,44,29,0.7505804114782741,0.6007432718149852,44,29,/Users/sorro/workspace/02604/project/project_cellpose-main/results_bbbc020/jw-15min 1_c1/d55_cp2.0_ft0.3
jw-15min 1_c1,55,2.0,0.5,0.752000495917536,0.6025647393749654,45,29,0.7519075828020602,0.6024454378868421,45,29,/Users/sorro/workspace/02604/project/project_cellpose-main/results_bbbc020/jw-15min 1_c1/d55_cp2.0_ft0.5
jw-15min 1_c1,70,-2.0,0.3,0.7414319783386771,0.5891075933742376,44,29,0.7412961256849149,0.5889360800516213,44,29,/Users/sorro/workspace/02604/project/project_cellpose-main/results_bbbc020/jw-15min 1_c1/d70_cp-2.0_ft0.3
jw-15min 1_c1,70,-2.0,0.5,0.7339549747567572,0.5797226481860263,47,29,0.733817687087075,0.5795513644467875,47,29,/Users/sorro/workspace/02604/project/project_cellpose-main/results_bbbc020/jw-15min 1_c1/d70_cp-2.0_ft0.5
jw-15min 1_c1,70,0.0,0.3,0.7633635500893936,0.6172901907788465,46,29,0.7631552976391953,0.6170178812121979,46,29,/Users/sorro/workspace/02604/project/project_cellpose-main/results_bbbc020/jw-15min 1_c1/d70_cp0.0_ft0.3
jw-15min 1_c1,70,0.0,0.5,0.7634065642657528,0.6173464472682308,47,29,0.7632112254742455,0.6170910030832857,47,29,/Users/sorro/workspace/02604/project/project_cellpose-main/results_bbbc020/jw-15min 1_c1/d70_cp0.0_ft0.5
jw-15min 1_c1,70,2.0,0.3,0.7488860294674967,0.5985753872996504,44,29,0.7487329688371835,0.5983798423437863,44,29,/Users/sorro/workspace/02604/project/project_cellpose-main/results_bbbc020/jw-15min 1_c1/d70_cp2.0_ft0.3
jw-15min 1_c1,70,2.0,0.5,0.7488860294674967,0.5985753872996504,44,29,0.7487329688371835,0.5983798423437863,44,29,/Users/sorro/workspace/02604/project/project_cellpose-main/results_bbbc020/jw-15min 1_c1/d70_cp2.0_ft0.5
jw-15min 2_c1,40,-2.0,0.3,0.7028802719448797,0.5418777131689814,36,24,0.7027415558542407,0.5417128398936681,36,24,/Users/sorro/workspace/02604/project/project_cellpose-main/results_bbbc020/jw-15min 2_c1/d40_cp-2.0_ft0.3
jw-15min 2_c1,40,-2.0,0.5,0.7372631774227211,0.5838613115898114,43,24,0.7370601014037924,0.5836066326062349,43,24,/Users/sorro/workspace/02604/project/project_cellpose-main/results_bbbc020/jw-15min 2_c1/d40_cp-2.0_ft0.5
jw-15min 2_c1,40,0.0,0.3,0.7704746790518708,0.6266440112495865,40,24,0.7702766965869675,0.6263821255148251,40,24,/Users/sorro/workspace/02604/project/project_cellpose-main/results_bbbc020/jw-15min 2_c1/d40_cp0.0_ft0.3
jw-15min 2_c1,40,0.0,0.5,0.7820638319033885,0.6421221837311855,42,24,0.781863206855985,0.6418517290147632,42,24,/Users/sorro/workspace/02604/project/project_cellpose-main/results_bbbc020/jw-15min 2_c1/d40_cp0.0_ft0.5
jw-15min 2_c1,40,2.0,0.3,0.753941303608864,0.6050608256195684,38,24,0.7537218412184493,0.604778183672368,38,24,/Users/sorro/workspace/02604/project/project_cellpose-main/results_bbbc020/jw-15min 2_c1/d40_cp2.0_ft0.3
jw-15min 2_c1,40,2.0,0.5,0.7641553698175177,0.618326407021475,39,24,0.7639333521084666,0.6180357292315705,39,24,/Users/sorro/workspace/02604/project/project_cellpose-main/results_bbbc020/jw-15min 2_c1/d40_cp2.0_ft0.5
jw-15min 2_c1,55,-2.0,0.3,0.7244119812610746,0.5679043473434663,37,24,0.7242695906633797,0.567729345763577,37,24,/Users/sorro/workspace/02604/project/project_cellpose-main/results_bbbc020/jw-15min 2_c1/d55_cp-2.0_ft0.3
jw-15min 2_c1,55,-2.0,0.5,0.7473496826444025,0.5966147713290746,42,24,0.7471469684377905,0.5963564357633846,42,24,/Users/sorro/workspace/02604/project/project_cellpose-main/results_bbbc020/jw-15min 2_c1/d55_cp-2.0_ft0.5
jw-15min 2_c1,55,0.0,0.3,0.783813676994289,0.6444848640109304,40,24,0.7835948416727399,0.6441890157308281,40,24,/Users/sorro/workspace/02604/project/project_cellpose-main/results_bbbc020/jw-15min 2_c1/d55_cp0.0_ft0.3
jw-15min 2_c1,55,0.0,0.5,0.783813676994289,0.6444848640109304,40,24,0.7835948416727399,0.6441890157308281,40,24,/Users/sorro/workspace/02604/project/project_cellpose-main/results_bbbc020/jw-15min 2_c1/d55_cp0.0_ft0.5
jw-15min 2_c1,55,2.0,0.3,0.7593005151979938,0.6119938990054186,37,24,0.7593259071480117,0.612026890480576,37,24,/Users/sorro/workspace/02604/project/project_cellpose-main/results_bbbc020/jw-15min 2_c1/d55_cp2.0_ft0.3
jw-15min 2_c1,55,2.0,0.5,0.772329347141958,0.6291014168530947,38,24,0.772351993556182,0.6291314688755844,38,24,/Users/sorro/workspace/02604/project/project_cellpose-main/results_bbbc020/jw-15min 2_c1/d55_cp2.0_ft0.5
jw-15min 2_c1,70,-2.0,0.3,0.7538778874633706,0.6049791427974605,37,24,0.7537550237027092,0.6048209124518882,37,24,/Users/sorro/workspace/02604/project/project_cellpose-main/results_bbbc020/jw-15min 2_c1/d70_cp-2.0_ft0.3
jw-15min 2_c1,70,-2.0,0.5,0.7478829584553701,0.5972947684928644,42,24,0.747698832786587,0.597059918462223,42,24,/Users/sorro/workspace/02604/project/project_cellpose-main/results_bbbc020/jw-15min 2_c1/d70_cp-2.0_ft0.5
jw-15min 2_c1,70,0.0,0.3,0.7887727098457125,0.6512177493501139,38,24,0.7885442634113432,0.6509063761849097,38,24,/Users/sorro/workspace/02604/project/project_cellpose-main/results_bbbc020/jw-15min 2_c1/d70_cp0.0_ft0.3
jw-15min 2_c1,70,0.0,0.5,0.7846773397350959,0.6456535086444118,41,24,0.7844138250580996,0.6452967640040749,41,24,/Users/sorro/workspace/02604/project/project_cellpose-main/results_bbbc020/jw-15min 2_c1/d70_cp0.0_ft0.5
jw-15min 2_c1,70,2.0,0.3,0.7733494350117732,0.6304561845770607,38,24,0.7732624539140873,0.6303405780489032,38,24,/Users/sorro/workspace/02604/project/project_cellpose-main/results_bbbc020/jw-15min 2_c1/d70_cp2.0_ft0.3
jw-15min 2_c1,70,2.0,0.5,0.7733494350117732,0.6304561845770607,38,24,0.7732624539140873,0.6303405780489032,38,24,/Users/sorro/workspace/02604/project/project_cellpose-main/results_bbbc020/jw-15min 2_c1/d70_cp2.0_ft0.5
jw-15min 3_c1,40,-2.0,0.3,0.7114193718980926,0.5520953492417627,29,27,0.7113455453860984,0.5520064303034806,29,27,/Users/sorro/workspace/02604/project/project_cellpose-main/results_bbbc020/jw-15min 3_c1/d40_cp-2.0_ft0.3
jw-15min 3_c1,40,-2.0,0.5,0.7600174194024256,0.612925884036336,36,27,0.7599265396667616,0.6128076795245264,36,27,/Users/sorro/workspace/02604/project/project_cellpose-main/results_bbbc020/jw-15min 3_c1/d40_cp-2.0_ft0.5
jw-15min 3_c1,40,0.0,0.3,0.7823669435523576,0.6425309656382501,33,27,0.782226416968854,0.6423414236181929,33,27,/Users/sorro/workspace/02604/project/project_cellpose-main/results_bbbc020/jw-15min 3_c1/d40_cp0.0_ft0.3
jw-15min 3_c1,40,0.0,0.5,0.8035361782924709,0.671592541047925,36,27,0.8033608125099616,0.6713475715223887,36,27,/Users/sorro/workspace/02604/project/project_cellpose-main/results_bbbc020/jw-15min 3_c1/d40_cp0.0_ft0.5
jw-15min 3_c1,40,2.0,0.3,0.7622863659869743,0.6158826606081904,31,27,0.7620705039008047,0.6156008935098028,31,27,/Users/sorro/workspace/02604/project/project_cellpose-main/results_bbbc020/jw-15min 3_c1/d40_cp2.0_ft0.3
jw-15min 3_c1,40,2.0,0.5,0.7894917718264172,0.6521986001017143,33,27,0.7892749375372243,0.6519027002974022,33,27,/Users/sorro/workspace/02604/project/project_cellpose-main/results_bbbc020/jw-15min 3_c1/d40_cp2.0_ft0.5
jw-15min 3_c1,55,-2.0,0.3,0.7992246832033629,0.665590533069493,31,27,0.7991147235959457,0.665438022513545,31,27,/Users/sorro/workspace/02604/project/project_cellpose-main/results_bbbc020/jw-15min 3_c1/d55_cp-2.0_ft0.3
jw-15min 3_c1,55,-2.0,0.5,0.8228006409135381,0.6989475780483378,35,27,0.8226624450640329,0.6987481556288041,35,27,/Users/sorro/workspace/02604/project/project_cellpose-main/results_bbbc020/jw-15min 3_c1/d55_cp-2.0_ft0.5
jw-15min 3_c1,55,0.0,0.3,0.8568577784769831,0.7495635821546203,33,27,0.8566639610646631,0.7492669975332713,33,27,/Users/sorro/workspace/02604/project/project_cellpose-main/results_bbbc020/jw-15min 3_c1/d55_cp0.0_ft0.3
jw-15min 3_c1,55,0.0,0.5,0.8704725005548215,0.7706518884953185,35,27,0.8702306536049345,0.770272849393301,35,27,/Users/sorro/workspace/02604/project/project_cellpose-main/results_bbbc020/jw-15min 3_c1/d55_cp0.0_ft0.5
jw-15min 3_c1,55,2.0,0.3,0.8397883811486472,0.7238234538454847,31,27,0.8396885479416051,0.7236751360610946,31,27,/Users/sorro/workspace/02604/project/project_cellpose-main/results_bbbc020/jw-15min 3_c1/d55_cp2.0_ft0.3
jw-15min 3_c1,55,2.0,0.5,0.8525205152858767,0.7429505508747888,34,27,0.8524121174119215,0.742785916743503,34,27,/Users/sorro/workspace/02604/project/project_cellpose-main/results_bbbc020/jw-15min 3_c1/d55_cp2.0_ft0.5
jw-15min 3_c1,70,-2.0,0.3,0.7951060095870618,0.659897066392177,27,27,0.7950329558583714,0.6597964315486502,27,27,/Users/sorro/workspace/02604/project/project_cellpose-main/results_bbbc020/jw-15min 3_c1/d70_cp-2.0_ft0.3
jw-15min 3_c1,70,-2.0,0.5,0.8237450321460381,0.7003116285654746,35,27,0.8236036929293685,0.70010734306047,35,27,/Users/sorro/workspace/02604/project/project_cellpose-main/results_bbbc020/jw-15min 3_c1/d70_cp-2.0_ft0.5
jw-15min 3_c1,70,0.0,0.3,0.859090052947701,0.7529867323597983,33,27,0.8589908577478965,0.7528343340461195,33,27,/Users/sorro/workspace/02604/project/project_cellpose-main/results_bbbc020/jw-15min 3_c1/d70_cp0.0_ft0.3
jw-15min 3_c1,70,0.0,0.5,0.8753905223284459,0.7783951137784263,34,27,0.8752948790751026,0.778243881698793,34,27,/Users/sorro/workspace/02604/project/project_cellpose-main/results_bbbc020/jw-15min 3_c1/d70_cp0.0_ft0.5
jw-15min 3_c1,70,2.0,0.3,0.8486311264578416,0.737062765859779,31,27,0.8484548187112531,0.7367968122290334,31,27,/Users/sorro/workspace/02604/project/project_cellpose-main/results_bbbc020/jw-15min 3_c1/d70_cp2.0_ft0.3
jw-15min 3_c1,70,2.0,0.5,0.863106038570393,0.7591790156797609,33,27,0.8629285933529807,0.7589044877116141,33,27,/Users/sorro/workspace/02604/project/project_cellpose-main/results_bbbc020/jw-15min 3_c1/d70_cp2.0_ft0.5
jw-15min 4_c1,40,-2.0,0.3,0.6812599823958736,0.5165991577578573,53,32,0.6812285596388473,0.5165630213013175,53,32,/Users/sorro/workspace/02604/project/project_cellpose-main/results_bbbc020/jw-15min 4_c1/d40_cp-2.0_ft0.3
jw-15min 4_c1,40,-2.0,0.5,0.6519644559049622,0.4836404045582036,63,32,0.6519632365941388,0.4836390625927229,60,32,/Users/sorro/workspace/02604/project/project_cellpose-main/results_bbbc020/jw-15min 4_c1/d40_cp-2.0_ft0.5
jw-15min 4_c1,40,0.0,0.3,0.7096415013225578,0.5499568546647365,55,32,0.709402192815652,0.5496694546253181,55,32,/Users/sorro/workspace/02604/project/project_cellpose-main/results_bbbc020/jw-15min 4_c1/d40_cp0.0_ft0.3
jw-15min 4_c1,40,0.0,0.5,0.677282532955928,0.5120387005015345,61,32,0.6770536806723105,0.5117771377272388,61,32,/Users/sorro/workspace/02604/project/project_cellpose-main/results_bbbc020/jw-15min 4_c1/d40_cp0.0_ft0.5
jw-15min 4_c1,40,2.0,0.3,0.6919240141836747,0.5289631655089736,55,32,0.691776155857343,0.5287903587407076,55,32,/Users/sorro/workspace/02604/project/project_cellpose-main/results_bbbc020/jw-15min 4_c1/d40_cp2.0_ft0.3
jw-15min 4_c1,40,2.0,0.5,0.6757647183748975,0.5103056290311179,59,32,0.6756024083765246,0.5101205352905818,59,32,/Users/sorro/workspace/02604/project/project_cellpose-main/results_bbbc020/jw-15min 4_c1/d40_cp2.0_ft0.5
jw-15min 4_c1,55,-2.0,0.3,0.6453935892511184,0.4764436253437769,46,32,0.645327273861903,0.47637134889517035,45,32,/Users/sorro/workspace/02604/project/project_cellpose-main/results_bbbc020/jw-15min 4_c1/d55_cp-2.0_ft0.3
jw-15min 4_c1,55,-2.0,0.5,0.6465390941900769,0.47769321700738904,59,32,0.6464721089203739,0.4776200868714444,58,32,/Users/sorro/workspace/02604/project/project_cellpose-main/results_bbbc020/jw-15min 4_c1/d55_cp-2.0_ft0.5
jw-15min 4_c1,55,0.0,0.3,0.6863332121410002,0.5224560889292016,53,32,0.6861547284569613,0.5222492658143151,52,32,/Users/sorro/workspace/02604/project/project_cellpose-main/results_bbbc020/jw-15min 4_c1/d55_cp0.0_ft0.3
jw-15min 4_c1,55,0.0,0.5,0.6701076898380132,0.5038811674581313,61,32,0.6699003159663535,0.5036466995727874,60,32,/Users/sorro/workspace/02604/project/project_cellpose-main/results_bbbc020/jw-15min 4_c1/d55_cp0.0_ft0.5
jw-15min 4_c1,55,2.0,0.3,0.6916675697908946,0.5286634755972136,50,32,0.6915814056292643,0.5285628075026478,50,32,/Users/sorro/workspace/02604/project/project_cellpose-main/results_bbbc020/jw-15min 4_c1/d55_cp2.0_ft0.3
jw-15min 4_c1,55,2.0,0.5,0.6778027520811589,0.5126336128350222,57,32,0.6776621388260846,0.5124727641273804,56,32,/Users/sorro/workspace/02604/project/project_cellpose-main/results_bbbc020/jw-15min 4_c1/d55_cp2.0_ft0.5
jw-15min 4_c1,70,-2.0,0.3,0.6446816579663588,0.4756680685063412,49,32,0.644578440156086,0.4755556937063282,49,32,/Users/sorro/workspace/02604/project/project_cellpose-main/results_bbbc020/jw-15min 4_c1/d70_cp-2.0_ft0.3
jw-15min 4_c1,70,-2.0,0.5,0.62199443164206,0.4513729450188228,58,32,0.6218873064799211,0.4512601251001105,59,32,/Users/sorro/workspace/02604/project/project_cellpose-main/results_bbbc020/jw-15min 4_c1/d70_cp-2.0_ft0.5
jw-15min 4_c1,70,0.0,0.3,0.6710786156844333,0.5049799210132045,53,32,0.6709223237627574,0.5048029439951233,53,32,/Users/sorro/workspace/02604/project/project_cellpose-main/results_bbbc020/jw-15min 4_c1/d70_cp0.0_ft0.3
jw-15min 4_c1,70,0.0,0.5,0.6464457983308729,0.47759136467066643,59,32,0.6462705126796576,0.4774000409483037,58,32,/Users/sorro/workspace/02604/project/project_cellpose-main/results_bbbc020/jw-15min 4_c1/d70_cp0.0_ft0.5
jw-15min 4_c1,70,2.0,0.3,0.6466978354180496,0.47786654920323834,54,32,0.6464485545539322,0.47759437347495337,54,32,/Users/sorro/workspace/02604/project/project_cellpose-main/results_bbbc020/jw-15min 4_c1/d70_cp2.0_ft0.3
jw-15min 4_c1,70,2.0,0.5,0.6539720438614891,0.485853240179057,57,32,0.6537400876842466,0.4855972325282443,57,32,/Users/sorro/workspace/02604/project/project_cellpose-main/results_bbbc020/jw-15min 4_c1/d70_cp2.0_ft0.5
jw-15min 5_c1,40,-2.0,0.3,0.72432160021374,0.5677932622635142,62,37,0.7242107448583531,0.5676570342160048,60,37,/Users/sorro/workspace/02604/project/project_cellpose-main/results_bbbc020/jw-15min 5_c1/d40_cp-2.0_ft0.3
jw-15min 5_c1,40,-2.0,0.5,0.720491260455443,0.5630999134182568,71,37,0.7203113756626707,0.5628801897302751,69,37,/Users/sorro/workspace/02604/project/project_cellpose-main/results_bbbc020/jw-15min 5_c1/d40_cp-2.0_ft0.5
jw-15min 5_c1,40,0.0,0.3,0.7404267058558959,0.5878393177262663,65,37,0.7401577993041148,0.5875004019513571,65,37,/Users/sorro/workspace/02604/project/project_cellpose-main/results_bbbc020/jw-15min 5_c1/d40_cp0.0_ft0.3
jw-15min 5_c1,40,0.0,0.5,0.7435614625978603,0.5918009042728634,70,37,0.7432239841121207,0.5913734625075991,70,37,/Users/sorro/workspace/02604/project/project_cellpose-main/results_bbbc020/jw-15min 5_c1/d40_cp0.0_ft0.5
jw-15min 5_c1,40,2.0,0.3,0.7234298292923717,0.5666980522436617,64,37,0.7232221599646951,0.5664432270728451,64,37,/Users/sorro/workspace/02604/project/project_cellpose-main/results_bbbc020/jw-15min 5_c1/d40_cp2.0_ft0.3
jw-15min 5_c1,40,2.0,0.5,0.7251597891904015,0.5688240636290272,69,37,0.7248784423814787,0.5684779133805068,69,37,/Users/sorro/workspace/02604/project/project_cellpose-main/results_bbbc020/jw-15min 5_c1/d40_cp2.0_ft0.5
jw-15min 5_c1,55,-2.0,0.3,0.7115048116205751,0.5521982682104184,58,37,0.7113371744050224,0.5519963486776278,58,37,/Users/sorro/workspace/02604/project/project_cellpose-main/results_bbbc020/jw-15min 5_c1/d55_cp-2.0_ft0.3
jw-15min 5_c1,55,-2.0,0.5,0.7504958014114029,0.6006348776251739,69,37,0.7502747017062649,0.6003516954730962,69,37,/Users/sorro/workspace/02604/project/project_cellpose-main/results_bbbc020/jw-15min 5_c1/d55_cp-2.0_ft0.5
jw-15min 5_c1,55,0.0,0.3,0.7668151758143337,0.6218169091731243,64,37,0.7665486160334224,0.6214664201586345,64,37,/Users/sorro/workspace/02604/project/project_cellpose-main/results_bbbc020/jw-15min 5_c1/d55_cp0.0_ft0.3
jw-15min 5_c1,55,0.0,0.5,0.7771891729998877,0.635575966322235,70,37,0.776899914431192,0.6351891587595558,70,37,/Users/sorro/workspace/02604/project/project_cellpose-main/results_bbbc020/jw-15min 5_c1/d55_cp0.0_ft0.5
jw-15min 5_c1,55,2.0,0.3,0.7438822661761091,0.5922074389568344,64,37,0.7436095157120299,0.5918617858153019,64,37,/Users/sorro/workspace/02604/project/project_cellpose-main/results_bbbc020/jw-15min 5_c1/d55_cp2.0_ft0.3
jw-15min 5_c1,55,2.0,0.5,0.7565774019262391,0.6084636093137487,69,37,0.7563024292429168,0.6081079894548065,69,37,/Users/sorro/workspace/02604/project/project_cellpose-main/results_bbbc020/jw-15min 5_c1/d55_cp2.0_ft0.5
jw-15min 5_c1,70,-2.0,0.3,0.7237568391769725,0.5670994849525651,56,37,0.7236937436954897,0.5670220138158013,56,37,/Users/sorro/workspace/02604/project/project_cellpose-main/results_bbbc020/jw-15min 5_c1/d70_cp-2.0_ft0.3
jw-15min 5_c1,70,-2.0,0.5,0.7468589376651649,0.5959895179506988,67,37,0.7467259112351567,0.5958201146335739,67,37,/Users/sorro/workspace/02604/project/project_cellpose-main/results_bbbc020/jw-15min 5_c1/d70_cp-2.0_ft0.5
jw-15min 5_c1,70,0.0,0.3,0.7688711289478857,0.6245253011496787,63,37,0.768578570852581,0.6241393503966473,63,37,/Users/sorro/workspace/02604/project/project_cellpose-main/results_bbbc020/jw-15min 5_c1/d70_cp0.0_ft0.3
jw-15min 5_c1,70,0.0,0.5,0.7695526005374126,0.6254250290370185,67,37,0.7692550582793861,0.6250320697673941,67,37,/Users/sorro/workspace/02604/project/project_cellpose-main/results_bbbc020/jw-15min 5_c1/d70_cp0.0_ft0.5
jw-15min 5_c1,70,2.0,0.3,0.744320101380951,0.5927626158541895,62,37,0.7441233272926852,0.5925130575827686,62,37,/Users/sorro/workspace/02604/project/project_cellpose-main/results_bbbc020/jw-15min 5_c1/d70_cp2.0_ft0.3
jw-15min 5_c1,70,2.0,0.5,0.7463243541137602,0.5953089673255746,66,37,0.7460732151135034,0.5949894556092737,66,37,/Users/sorro/workspace/02604/project/project_cellpose-main/results_bbbc020/jw-15min 5_c1/d70_cp2.0_ft0.5
jw-1h 1_c1,40,-2.0,0.3,0.6472703178354616,0.4784919902103037,65,36,0.6472042772484248,0.47841981340095946,65,36,/Users/sorro/workspace/02604/project/project_cellpose-main/results_bbbc020/jw-1h 1_c1/d40_cp-2.0_ft0.3
jw-1h 1_c1,40,-2.0,0.5,0.6916604046784577,0.528655103882622,81,36,0.6916011406360297,0.5285858633140555,82,36,/Users/sorro/workspace/02604/project/project_cellpose-main/results_bbbc020/jw-1h 1_c1/d40_cp-2.0_ft0.5
jw-1h 1_c1,40,0.0,0.3,0.678662956939218,0.5136183538509934,70,36,0.6782926218732659,0.5131942463956093,69,36,/Users/sorro/workspace/02604/project/project_cellpose-main/results_bbbc020/jw-1h 1_c1/d40_cp0.0_ft0.3
jw-1h 1_c1,40,0.0,0.5,0.7061546635540519,0.545779811282376,83,36,0.7057989668738165,0.5453549709885,83,36,/Users/sorro/workspace/02604/project/project_cellpose-main/results_bbbc020/jw-1h 1_c1/d40_cp0.0_ft0.5
jw-1h 1_c1,40,2.0,0.3,0.6875444605828676,0.523861144194042,70,36,0.6875149308913031,0.5238268587376705,70,36,/Users/sorro/workspace/02604/project/project_cellpose-main/results_bbbc020/jw-1h 1_c1/d40_cp2.0_ft0.3
jw-1h 1_c1,40,2.0,0.5,0.6998510306429291,0.5382852635640732,76,36,0.6998087084656797,0.538235191253938,76,36,/Users/sorro/workspace/02604/project/project_cellpose-main/results_bbbc020/jw-1h 1_c1/d40_cp2.0_ft0.5
jw-1h 1_c1,55,-2.0,0.3,0.7202871946783898,0.5628506581188513,66,36,0.7202187669204838,0.5627670951131495,66,36,/Users/sorro/workspace/02604/project/project_cellpose-main/results_bbbc020/jw-1h 1_c1/d55_cp-2.0_ft0.3
jw-1h 1_c1,55,-2.0,0.5,0.7163190949430795,0.5580195920350757,78,36,0.7162481660326464,0.5579335094845604,78,36,/Users/sorro/workspace/02604/project/project_cellpose-main/results_bbbc020/jw-1h 1_c1/d55_cp-2.0_ft0.5
jw-1h 1_c1,55,0.0,0.3,0.7380131327925755,0.5848025458661712,73,36,0.7377791525499539,0.5845087680499211,73,36,/Users/sorro/workspace/02604/project/project_cellpose-main/results_bbbc020/jw-1h 1_c1/d55_cp0.0_ft0.3
jw-1h 1_c1,55,0.0,0.5,0.7366948987300366,0.5831488355342339,78,36,0.7364500813493068,0.5828420947038955,78,36,/Users/sorro/workspace/02604/project/project_cellpose-main/results_bbbc020/jw-1h 1_c1/d55_cp0.0_ft0.5
jw-1h 1_c1,55,2.0,0.3,0.7238791127866162,0.5672496391523872,73,36,0.7238365152282082,0.5671973253157665,73,36,/Users/sorro/workspace/02604/project/project_cellpose-main/results_bbbc020/jw-1h 1_c1/d55_cp2.0_ft0.3
jw-1h 1_c1,55,2.0,0.5,0.7275266440911138,0.5717421435291785,76,36,0.7274889703849111,0.5716956108466605,76,36,/Users/sorro/workspace/02604/project/project_cellpose-main/results_bbbc020/jw-1h 1_c1/d55_cp2.0_ft0.5
jw-1h 1_c1,70,-2.0,0.3,0.7374411410234031,0.5840845642801611,59,36,0.7373791840528805,0.5840068330409682,59,36,/Users/sorro/workspace/02604/project/project_cellpose-main/results_bbbc020/jw-1h 1_c1/d70_cp-2.0_ft0.3
jw-1h 1_c1,70,-2.0,0.5,0.7216479767197315,0.5645142836853131,80,36,0.7215831103697481,0.5644349008705969,80,36,/Users/sorro/workspace/02604/project/project_cellpose-main/results_bbbc020/jw-1h 1_c1/d70_cp-2.0_ft0.5
jw-1h 1_c1,70,0.0,0.3,0.7430101942904673,0.5911028004487757,69,36,0.7428084927591516,0.5908475267935825,69,36,/Users/sorro/workspace/02604/project/project_cellpose-main/results_bbbc020/jw-1h 1_c1/d70_cp0.0_ft0.3
jw-1h 1_c1,70,0.0,0.5,0.7420676196288141,0.5899105796210187,80,36,0.7418297351371648,0.5896099723975263,80,36,/Users/sorro/workspace/02604/project/project_cellpose-main/results_bbbc020/jw-1h 1_c1/d70_cp0.0_ft0.5
jw-1h 1_c1,70,2.0,0.3,0.7355107695013975,0.5816662979497083,70,36,0.7354232219890084,0.5815567981136976,70,36,/Users/sorro/workspace/02604/project/project_cellpose-main/results_bbbc020/jw-1h 1_c1/d70_cp2.0_ft0.3
jw-1h 1_c1,70,2.0,0.5,0.7291193945340411,0.5737119532693749,75,36,0.7290421595157728,0.5736163201432489,75,36,/Users/sorro/workspace/02604/project/project_cellpose-main/results_bbbc020/jw-1h 1_c1/d70_cp2.0_ft0.5
jw-1h 2_c1,40,-2.0,0.3,0.6427015526812636,0.4735152787884513,48,23,0.6426121655460971,0.4734182443919055,49,23,/Users/sorro/workspace/02604/project/project_cellpose-main/results_bbbc020/jw-1h 2_c1/d40_cp-2.0_ft0.3
jw-1h 2_c1,40,-2.0,0.5,0.6380201494618599,0.4684505054973963,56,23,0.6379536240734144,0.46837878309350617,58,23,/Users/sorro/workspace/02604/project/project_cellpose-main/results_bbbc020/jw-1h 2_c1/d40_cp-2.0_ft0.5
jw-1h 2_c1,40,0.0,0.3,0.6636979457946779,0.4966676087236644,52,23,0.6634428407272338,0.49638194380569517,52,23,/Users/sorro/workspace/02604/project/project_cellpose-main/results_bbbc020/jw-1h 2_c1/d40_cp0.0_ft0.3
jw-1h 2_c1,40,0.0,0.5,0.6927385357220004,0.5299158237672063,56,23,0.6924461283447786,0.5295736897388533,56,23,/Users/sorro/workspace/02604/project/project_cellpose-main/results_bbbc020/jw-1h 2_c1/d40_cp0.0_ft0.5
jw-1h 2_c1,40,2.0,0.3,0.6570784585624141,0.48929028114257317,52,23,0.6570036757331605,0.4892073521435943,52,23,/Users/sorro/workspace/02604/project/project_cellpose-main/results_bbbc020/jw-1h 2_c1/d40_cp2.0_ft0.3
jw-1h 2_c1,40,2.0,0.5,0.682679698439396,0.5182336426688623,58,23,0.6825760096603374,0.5181141490252908,58,23,/Users/sorro/workspace/02604/project/project_cellpose-main/results_bbbc020/jw-1h 2_c1/d40_cp2.0_ft0.5
jw-1h 2_c1,55,-2.0,0.3,0.7025254805065216,0.541456090236578,42,23,0.7024640949753926,0.5413831650092724,42,23,/Users/sorro/workspace/02604/project/project_cellpose-main/results_bbbc020/jw-1h 2_c1/d55_cp-2.0_ft0.3
jw-1h 2_c1,55,-2.0,0.5,0.6862829374068266,0.5223978259459906,50,23,0.686247192142322,0.5223564037601394,50,23,/Users/sorro/workspace/02604/project/project_cellpose-main/results_bbbc020/jw-1h 2_c1/d55_cp-2.0_ft0.5
jw-1h 2_c1,55,0.0,0.3,0.7004941329153842,0.5390465335003927,48,23,0.7002301363115075,0.538733937348256,48,23,/Users/sorro/workspace/02604/project/project_cellpose-main/results_bbbc020/jw-1h 2_c1/d55_cp0.0_ft0.3
jw-1h 2_c1,55,0.0,0.5,0.7088943740595784,0.5490599373256009,50,23,0.7086143064239032,0.5487239869148721,50,23,/Users/sorro/workspace/02604/project/project_cellpose-main/results_bbbc020/jw-1h 2_c1/d55_cp0.0_ft0.5
jw-1h 2_c1,55,2.0,0.3,0.6878002759820566,0.5241582233198605,48,23,0.6876021773339293,0.5239281606983314,48,23,/Users/sorro/workspace/02604/project/project_cellpose-main/results_bbbc020/jw-1h 2_c1/d55_cp2.0_ft0.3
jw-1h 2_c1,55,2.0,0.5,0.6834335047669877,0.5191029144684639,51,23,0.683244486603287,0.5188848496565501,51,23,/Users/sorro/workspace/02604/project/project_cellpose-main/results_bbbc020/jw-1h 2_c1/d55_cp2.0_ft0.5
jw-1h 2_c1,70,-2.0,0.3,0.6954387165190025,0.5330824433662049,40,23,0.6954008323065756,0.5330379242354323,40,23,/Users/sorro/workspace/02604/project/project_cellpose-main/results_bbbc020/jw-1h 2_c1/d70_cp-2.0_ft0.3
jw-1h 2_c1,70,-2.0,0.5,0.7012122740284247,0.5398975213627566,51,23,0.7011943335522246,0.5398762506711157,51,23,/Users/sorro/workspace/02604/project/project_cellpose-main/results_bbbc020/jw-1h 2_c1/d70_cp-2.0_ft0.5
jw-1h 2_c1,70,0.0,0.3,0.6884119965835283,0.5248690860165905,47,23,0.6880976031368812,0.5245036557461795,47,23,/Users/sorro/workspace/02604/project/project_cellpose-main/results_bbbc020/jw-1h 2_c1/d70_cp0.0_ft0.3
jw-1h 2_c1,70,0.0,0.5,0.7234571940390142,0.5667316369343315,52,23,0.7231374290549293,0.5663392799741154,52,23,/Users/sorro/workspace/02604/project/project_cellpose-main/results_bbbc020/jw-1h 2_c1/d70_cp0.0_ft0.5
jw-1h 2_c1,70,2.0,0.3,0.6863238723909437,0.5224452648310516,47,23,0.6861386577959626,0.5222306462301012,47,23,/Users/sorro/workspace/02604/project/project_cellpose-main/results_bbbc020/jw-1h 2_c1/d70_cp2.0_ft0.3
jw-1h 2_c1,70,2.0,0.5,0.7126664249080453,0.5535988796510177,51,23,0.7124377550084473,0.553322961883774,51,23,/Users/sorro/workspace/02604/project/project_cellpose-main/results_bbbc020/jw-1h 2_c1/d70_cp2.0_ft0.5
jw-1h 3_c1,40,-2.0,0.3,0.7202859763199304,0.5628491701986716,34,24,0.7201746787119226,0.5627132599526194,33,24,/Users/sorro/workspace/02604/project/project_cellpose-main/results_bbbc020/jw-1h 3_c1/d40_cp-2.0_ft0.3
jw-1h 3_c1,40,-2.0,0.5,0.793098603470165,0.657136204954718,42,24,0.7929623374029834,0.6569491259260921,41,24,/Users/sorro/workspace/02604/project/project_cellpose-main/results_bbbc020/jw-1h 3_c1/d40_cp-2.0_ft0.5
jw-1h 3_c1,40,0.0,0.3,0.7665491421855744,0.6214671118262766,36,24,0.7663114723665309,0.6211547365496806,36,24,/Users/sorro/workspace/02604/project/project_cellpose-main/results_bbbc020/jw-1h 3_c1/d40_cp0.0_ft0.3
jw-1h 3_c1,40,0.0,0.5,0.8182834599780333,0.6924532510671488,43,24,0.8179870829427086,0.6920288866040042,43,24,/Users/sorro/workspace/02604/project/project_cellpose-main/results_bbbc020/jw-1h 3_c1/d40_cp0.0_ft0.5
jw-1h 3_c1,40,2.0,0.3,0.8091705580424114,0.6795016393886154,33,24,0.8090529602604276,0.6793358002194165,33,24,/Users/sorro/workspace/02604/project/project_cellpose-main/results_bbbc020/jw-1h 3_c1/d40_cp2.0_ft0.3
jw-1h 3_c1,40,2.0,0.5,0.8252836894151877,0.7025387167769335,37,24,0.8251508070213576,0.7023461495762868,37,24,/Users/sorro/workspace/02604/project/project_cellpose-main/results_bbbc020/jw-1h 3_c1/d40_cp2.0_ft0.5
jw-1h 3_c1,55,-2.0,0.3,0.759607952974211,0.61239344028011,35,24,0.759571983263539,0.6123466843823443,34,24,/Users/sorro/workspace/02604/project/project_cellpose-main/results_bbbc020/jw-1h 3_c1/d55_cp-2.0_ft0.3
jw-1h 3_c1,55,-2.0,0.5,0.7877171869186899,0.6497800500169725,45,24,0.7875295877986174,0.6495247882946396,47,24,/Users/sorro/workspace/02604/project/project_cellpose-main/results_bbbc020/jw-1h 3_c1/d55_cp-2.0_ft0.5
jw-1h 3_c1,55,0.0,0.3,0.8025620478959209,0.6702326801031304,38,24,0.8023281020272482,0.6699064271152348,38,24,/Users/sorro/workspace/02604/project/project_cellpose-main/results_bbbc020/jw-1h 3_c1/d55_cp0.0_ft0.3
jw-1h 3_c1,55,0.0,0.5,0.821727223803519,0.6973998215049086,44,24,0.8213996116998818,0.6969280002398244,42,24,/Users/sorro/workspace/02604/project/project_cellpose-main/results_bbbc020/jw-1h 3_c1/d55_cp0.0_ft0.5
jw-1h 3_c1,55,2.0,0.3,0.8245309167818321,0.7014484077492309,36,24,0.8241754162482368,0.7009339893358058,36,24,/Users/sorro/workspace/02604/project/project_cellpose-main/results_bbbc020/jw-1h 3_c1/d55_cp2.0_ft0.3
jw-1h 3_c1,55,2.0,0.5,0.8269317389982022,0.7049306221037847,39,24,0.8264715755575669,0.7042620854712064,39,24,/Users/sorro/workspace/02604/project/project_cellpose-main/results_bbbc020/jw-1h 3_c1/d55_cp2.0_ft0.5
jw-1h 3_c1,70,-2.0,0.3,0.765565744127844,0.6201753884308356,33,24,0.7654958819964742,0.6200837006801203,33,24,/Users/sorro/workspace/02604/project/project_cellpose-main/results_bbbc020/jw-1h 3_c1/d70_cp-2.0_ft0.3
jw-1h 3_c1,70,-2.0,0.5,0.7874423118431046,0.6494060608695889,38,24,0.7873065451553198,0.6492214021689074,38,24,/Users/sorro/workspace/02604/project/project_cellpose-main/results_bbbc020/jw-1h 3_c1/d70_cp-2.0_ft0.5
jw-1h 3_c1,70,0.0,0.3,0.8112391841423859,0.6824242297699974,36,24,0.8109346673826017,0.6819933649882411,36,24,/Users/sorro/workspace/02604/project/project_cellpose-main/results_bbbc020/jw-1h 3_c1/d70_cp0.0_ft0.3
jw-1h 3_c1,70,0.0,0.5,0.8175974120415872,0.6914712639907918,37,24,0.8172605201945443,0.6909894648388437,37,24,/Users/sorro/workspace/02604/project/project_cellpose-main/results_bbbc020/jw-1h 3_c1/d70_cp0.0_ft0.5
jw-1h 3_c1,70,2.0,0.3,0.8262219765155083,0.7038996811873983,34,24,0.8261323871999064,0.7037696399420081,34,24,/Users/sorro/workspace/02604/project/project_cellpose-main/results_bbbc020/jw-1h 3_c1/d70_cp2.0_ft0.3
jw-1h 3_c1,70,2.0,0.5,0.82576063208814,0.7032302396372412,35,24,0.8256398666591332,0.7030550878037046,35,24,/Users/sorro/workspace/02604/project/project_cellpose-main/results_bbbc020/jw-1h 3_c1/d70_cp2.0_ft0.5
jw-1h 4_c1,40,-2.0,0.3,0.7008567412004987,0.5394761020028992,39,21,0.7007846693684262,0.5393907020999831,39,21,/Users/sorro/workspace/02604/project/project_cellpose-main/results_bbbc020/jw-1h 4_c1/d40_cp-2.0_ft0.3
jw-1h 4_c1,40,-2.0,0.5,0.6918424344689146,0.5288678158491104,42,21,0.6917571872902427,0.5287681923949646,42,21,/Users/sorro/workspace/02604/project/project_cellpose-main/results_bbbc020/jw-1h 4_c1/d40_cp-2.0_ft0.5
jw-1h 4_c1,40,0.0,0.3,0.7191295890326366,0.5614382086393281,40,21,0.7189487404471465,0.561217777263724,40,21,/Users/sorro/workspace/02604/project/project_cellpose-main/results_bbbc020/jw-1h 4_c1/d40_cp0.0_ft0.3
jw-1h 4_c1,40,0.0,0.5,0.713755541152008,0.5549143759120827,43,21,0.7135686859627126,0.5546885233408037,43,21,/Users/sorro/workspace/02604/project/project_cellpose-main/results_bbbc020/jw-1h 4_c1/d40_cp0.0_ft0.5
jw-1h 4_c1,40,2.0,0.3,0.7260365974225123,0.5699038103870112,40,21,0.7259770153286741,0.5698303908668984,40,21,/Users/sorro/workspace/02604/project/project_cellpose-main/results_bbbc020/jw-1h 4_c1/d40_cp2.0_ft0.3
jw-1h 4_c1,40,2.0,0.5,0.7218151007905482,0.5647188456357024,42,21,0.7217400893293171,0.5646270240538416,42,21,/Users/sorro/workspace/02604/project/project_cellpose-main/results_bbbc020/jw-1h 4_c1/d40_cp2.0_ft0.5
jw-1h 4_c1,55,-2.0,0.3,0.7228873949316428,0.5660326208219911,39,21,0.722798829832018,0.5659240272516765,39,21,/Users/sorro/workspace/02604/project/project_cellpose-main/results_bbbc020/jw-1h 4_c1/d55_cp-2.0_ft0.3
jw-1h 4_c1,55,-2.0,0.5,0.7287309972956427,0.573231153867058,43,21,0.7285960808587127,0.5730642086983736,43,21,/Users/sorro/workspace/02604/project/project_cellpose-main/results_bbbc020/jw-1h 4_c1/d55_cp-2.0_ft0.5
jw-1h 4_c1,55,0.0,0.3,0.7415388888557042,0.5892425934254228,40,21,0.7412026081161458,0.5888180360835499,40,21,/Users/sorro/workspace/02604/project/project_cellpose-main/results_bbbc020/jw-1h 4_c1/d55_cp0.0_ft0.3
jw-1h 4_c1,55,0.0,0.5,0.7545956567699036,0.6059041474135016,43,21,0.7542440622584242,0.6054509068813183,43,21,/Users/sorro/workspace/02604/project/project_cellpose-main/results_bbbc020/jw-1h 4_c1/d55_cp0.0_ft0.5
jw-1h 4_c1,55,2.0,0.3,0.7438651577312565,0.5921857532330994,40,21,0.7437614560890118,0.5920543193759159,40,21,/Users/sorro/workspace/02604/project/project_cellpose-main/results_bbbc020/jw-1h 4_c1/d55_cp2.0_ft0.3
jw-1h 4_c1,55,2.0,0.5,0.7580565285901025,0.6103792531954215,44,21,0.7580175525581954,0.6103287160938027,43,21,/Users/sorro/workspace/02604/project/project_cellpose-main/results_bbbc020/jw-1h 4_c1/d55_cp2.0_ft0.5
jw-1h 4_c1,70,-2.0,0.3,0.7207387680223134,0.5634023372287146,39,21,0.7206470528360522,0.5632902589028094,38,21,/Users/sorro/workspace/02604/project/project_cellpose-main/results_bbbc020/jw-1h 4_c1/d70_cp-2.0_ft0.3
jw-1h 4_c1,70,-2.0,0.5,0.7274175495654297,0.571607402975757,42,21,0.7273173590760214,0.5714836799753807,41,21,/Users/sorro/workspace/02604/project/project_cellpose-main/results_bbbc020/jw-1h 4_c1/d70_cp-2.0_ft0.5
jw-1h 4_c1,70,0.0,0.3,0.7541227698467203,0.6052946081645147,40,21,0.7538158880565734,0.6048992928348252,40,21,/Users/sorro/workspace/02604/project/project_cellpose-main/results_bbbc020/jw-1h 4_c1/d70_cp0.0_ft0.3
jw-1h 4_c1,70,0.0,0.5,0.7541227698467203,0.6052946081645147,40,21,0.7538158880565734,0.6048992928348252,40,21,/Users/sorro/workspace/02604/project/project_cellpose-main/results_bbbc020/jw-1h 4_c1/d70_cp0.0_ft0.5
jw-1h 4_c1,70,2.0,0.3,0.7564861726208051,0.6083456057864353,40,21,0.7562916752906105,0.6080940846539151,40,21,/Users/sorro/workspace/02604/project/project_cellpose-main/results_bbbc020/jw-1h 4_c1/d70_cp2.0_ft0.3
jw-1h 4_c1,70,2.0,0.5,0.7564861726208051,0.6083456057864353,40,21,0.7562916752906105,0.6080940846539151,40,21,/Users/sorro/workspace/02604/project/project_cellpose-main/results_bbbc020/jw-1h 4_c1/d70_cp2.0_ft0.5
jw-1h 5_c1,40,-2.0,0.3,0.7272444053117838,0.5713936032549399,34,23,0.7271974442448025,0.5713356254327532,34,23,/Users/sorro/workspace/02604/project/project_cellpose-main/results_bbbc020/jw-1h 5_c1/d40_cp-2.0_ft0.3
jw-1h 5_c1,40,-2.0,0.5,0.7571316117616735,0.6091808424179581,43,23,0.7570558706201713,0.6090827839525716,43,23,/Users/sorro/workspace/02604/project/project_cellpose-main/results_bbbc020/jw-1h 5_c1/d40_cp-2.0_ft0.5
jw-1h 5_c1,40,0.0,0.3,0.7684540681018565,0.6239751585370933,42,23,0.7681174966277245,0.6235314606100864,42,23,/Users/sorro/workspace/02604/project/project_cellpose-main/results_bbbc020/jw-1h 5_c1/d40_cp0.0_ft0.3
jw-1h 5_c1,40,0.0,0.5,0.7900954666164913,0.653022982240576,44,23,0.7897534429183958,0.652555826990173,44,23,/Users/sorro/workspace/02604/project/project_cellpose-main/results_bbbc020/jw-1h 5_c1/d40_cp0.0_ft0.5
jw-1h 5_c1,40,2.0,0.3,0.7694581424649761,0.6253002591933983,37,23,0.7693382304647305,0.6251418947996191,37,23,/Users/sorro/workspace/02604/project/project_cellpose-main/results_bbbc020/jw-1h 5_c1/d40_cp2.0_ft0.3
jw-1h 5_c1,40,2.0,0.5,0.7886432041614185,0.6510412183022158,40,23,0.7884955752212389,0.6508400292184076,40,23,/Users/sorro/workspace/02604/project/project_cellpose-main/results_bbbc020/jw-1h 5_c1/d40_cp2.0_ft0.5
jw-1h 5_c1,55,-2.0,0.3,0.7747810214185347,0.6323612635478117,39,23,0.7746533980947946,0.6321912484927452,39,23,/Users/sorro/workspace/02604/project/project_cellpose-main/results_bbbc020/jw-1h 5_c1/d55_cp-2.0_ft0.3
jw-1h 5_c1,55,-2.0,0.5,0.7723516527707723,0.6291310166416556,43,23,0.7722100466585166,0.6289431221984783,43,23,/Users/sorro/workspace/02604/project/project_cellpose-main/results_bbbc020/jw-1h 5_c1/d55_cp-2.0_ft0.5
jw-1h 5_c1,55,0.0,0.3,0.8029381561037027,0.6707574551789507,41,23,0.8024005099413511,0.6700073911204287,41,23,/Users/sorro/workspace/02604/project/project_cellpose-main/results_bbbc020/jw-1h 5_c1/d55_cp0.0_ft0.3
jw-1h 5_c1,55,0.0,0.5,0.8064321977441363,0.675648418313535,43,23,0.805873230267465,0.6748640518694405,43,23,/Users/sorro/workspace/02604/project/project_cellpose-main/results_bbbc020/jw-1h 5_c1/d55_cp0.0_ft0.5
jw-1h 5_c1,55,2.0,0.3,0.800313875474545,0.6671027188808367,40,23,0.7999834685418448,0.6666437066244202,40,23,/Users/sorro/workspace/02604/project/project_cellpose-main/results_bbbc020/jw-1h 5_c1/d55_cp2.0_ft0.3
jw-1h 5_c1,55,2.0,0.5,0.8057889485170261,0.6747458479105479,41,23,0.8054569569378759,0.6742803966888841,41,23,/Users/sorro/workspace/02604/project/project_cellpose-main/results_bbbc020/jw-1h 5_c1/d55_cp2.0_ft0.5
jw-1h 5_c1,70,-2.0,0.3,0.7391883246009926,0.5862797268014374,36,23,0.7391049154937652,0.5861747932685437,36,23,/Users/sorro/workspace/02604/project/project_cellpose-main/results_bbbc020/jw-1h 5_c1/d70_cp-2.0_ft0.3
jw-1h 5_c1,70,-2.0,0.5,0.7732538645243846,0.6303291627852493,41,23,0.7731665680260822,0.6302131551649136,41,23,/Users/sorro/workspace/02604/project/project_cellpose-main/results_bbbc020/jw-1h 5_c1/d70_cp-2.0_ft0.5
jw-1h 5_c1,70,0.0,0.3,0.8198184353249192,0.6946545005137627,39,23,0.8195113322689208,0.6942136376828053,39,23,/Users/sorro/workspace/02604/project/project_cellpose-main/results_bbbc020/jw-1h 5_c1/d70_cp0.0_ft0.3
jw-1h 5_c1,70,0.0,0.5,0.8106228729340685,0.6815524315099198,41,23,0.810307406461288,0.6811065403467361,41,23,/Users/sorro/workspace/02604/project/project_cellpose-main/results_bbbc020/jw-1h 5_c1/d70_cp0.0_ft0.5
jw-1h 5_c1,70,2.0,0.3,0.8153555630817861,0.6882702840380427,37,23,0.8151233348892319,0.687939393939394,37,23,/Users/sorro/workspace/02604/project/project_cellpose-main/results_bbbc020/jw-1h 5_c1/d70_cp2.0_ft0.3
jw-1h 5_c1,70,2.0,0.5,0.8130765148517282,0.6850285844248483,38,23,0.8128303221276347,0.6846791467790704,38,23,/Users/sorro/workspace/02604/project/project_cellpose-main/results_bbbc020/jw-1h 5_c1/d70_cp2.0_ft0.5
jw-24h 1_c1,40,-2.0,0.3,0.7172226429580814,0.5591170120214742,42,22,0.7171547664158502,0.5590345176808169,42,22,/Users/sorro/workspace/02604/project/project_cellpose-main/results_bbbc020/jw-24h 1_c1/d40_cp-2.0_ft0.3
jw-24h 1_c1,40,-2.0,0.5,0.7130477795691045,0.5540592480817687,44,22,0.7129795174660863,0.5539768225462558,44,22,/Users/sorro/workspace/02604/project/project_cellpose-main/results_bbbc020/jw-24h 1_c1/d40_cp-2.0_ft0.5
jw-24h 1_c1,40,0.0,0.3,0.7384458586251638,0.5853461491715359,44,22,0.7381984807550499,0.585035339945367,44,22,/Users/sorro/workspace/02604/project/project_cellpose-main/results_bbbc020/jw-24h 1_c1/d40_cp0.0_ft0.3
jw-24h 1_c1,40,0.0,0.5,0.7384458586251638,0.5853461491715359,44,22,0.7381984807550499,0.585035339945367,44,22,/Users/sorro/workspace/02604/project/project_cellpose-main/results_bbbc020/jw-24h 1_c1/d40_cp0.0_ft0.5
jw-24h 1_c1,40,2.0,0.3,0.738690209194181,0.585653274539517,44,22,0.7384848526595671,0.5853951529765337,44,22,/Users/sorro/workspace/02604/project/project_cellpose-main/results_bbbc020/jw-24h 1_c1/d40_cp2.0_ft0.3
jw-24h 1_c1,40,2.0,0.5,0.738690209194181,0.585653274539517,44,22,0.7384848526595671,0.5853951529765337,44,22,/Users/sorro/workspace/02604/project/project_cellpose-main/results_bbbc020/jw-24h 1_c1/d40_cp2.0_ft0.5
jw-24h 1_c1,55,-2.0,0.3,0.7373662149968288,0.5839905630237645,41,22,0.7372909594195542,0.5838961595464892,41,22,/Users/sorro/workspace/02604/project/project_cellpose-main/results_bbbc020/jw-24h 1_c1/d55_cp-2.0_ft0.3
jw-24h 1_c1,55,-2.0,0.5,0.7332691755561334,0.578867397403123,43,22,0.7331824103933544,0.5787592597455266,43,22,/Users/sorro/workspace/02604/project/project_cellpose-main/results_bbbc020/jw-24h 1_c1/d55_cp-2.0_ft0.5
jw-24h 1_c1,55,0.0,0.3,0.760637509798329,0.6137328794536592,42,22,0.7604931279090481,0.6135449064724872,42,22,/Users/sorro/workspace/02604/project/project_cellpose-main/results_bbbc020/jw-24h 1_c1/d55_cp0.0_ft0.3
jw-24h 1_c1,55,0.0,0.5,0.7520616918311916,0.6026433253217036,45,22,0.751932829847036,0.6024778536197524,45,22,/Users/sorro/workspace/02604/project/project_cellpose-main/results_bbbc020/jw-24h 1_c1/d55_cp0.0_ft0.5
jw-24h 1_c1,55,2.0,0.3,0.7593491169978693,0.6120570479588859,42,22,0.7591441500054623,0.611790765227729,42,22,/Users/sorro/workspace/02604/project/project_cellpose-main/results_bbbc020/jw-24h 1_c1/d55_cp2.0_ft0.3
jw-24h 1_c1,55,2.0,0.5,0.7479088183891176,0.5973277580526466,44,22,0.7477090118246538,0.5970728998969361,44,22,/Users/sorro/workspace/02604/project/project_cellpose-main/results_bbbc020/jw-24h 1_c1/d55_cp2.0_ft0.5
jw-24h 1_c1,70,-2.0,0.3,0.7260751716769656,0.569951346841049,41,22,0.726030496084685,0.5698962917505964,41,22,/Users/sorro/workspace/02604/project/project_cellpose-main/results_bbbc020/jw-24h 1_c1/d70_cp-2.0_ft0.3
jw-24h 1_c1,70,-2.0,0.5,0.7231687437397891,0.5663776949335673,43,22,0.7231222527439515,0.5663206632725083,43,22,/Users/sorro/workspace/02604/project/project_cellpose-main/results_bbbc020/jw-24h 1_c1/d70_cp-2.0_ft0.5
jw-24h 1_c1,70,0.0,0.3,0.7500745747015899,0.6000954613132342,43,22,0.749783834921087,0.5997233565395158,43,22,/Users/sorro/workspace/02604/project/project_cellpose-main/results_bbbc020/jw-24h 1_c1/d70_cp0.0_ft0.3
jw-24h 1_c1,70,0.0,0.5,0.7500745747015899,0.6000954613132342,43,22,0.749783834921087,0.5997233565395158,43,22,/Users/sorro/workspace/02604/project/project_cellpose-main/results_bbbc020/jw-24h 1_c1/d70_cp0.0_ft0.5
jw-24h 1_c1,70,2.0,0.3,0.7481902566147828,0.5976868773935909,43,22,0.7479426916570292,0.5973709722974985,43,22,/Users/sorro/workspace/02604/project/project_cellpose-main/results_bbbc020/jw-24h 1_c1/d70_cp2.0_ft0.3
jw-24h 1_c1,70,2.0,0.5,0.7481902566147828,0.5976868773935909,43,22,0.7479426916570292,0.5973709722974985,43,22,/Users/sorro/workspace/02604/project/project_cellpose-main/results_bbbc020/jw-24h 1_c1/d70_cp2.0_ft0.5
jw-24h 2_c1,40,-2.0,0.3,0.8316821553619853,0.7118629225591168,39,23,0.8316100869787084,0.7117573317868536,39,23,/Users/sorro/workspace/02604/project/project_cellpose-main/results_bbbc020/jw-24h 2_c1/d40_cp-2.0_ft0.3
jw-24h 2_c1,40,-2.0,0.5,0.8241017075888931,0.7008273699412586,43,23,0.8240196516834505,0.7007086919973271,43,23,/Users/sorro/workspace/02604/project/project_cellpose-main/results_bbbc020/jw-24h 2_c1/d40_cp-2.0_ft0.5
jw-24h 2_c1,40,0.0,0.3,0.8516851901143548,0.7416826664450752,41,23,0.8514384836583587,0.7413085599196562,41,23,/Users/sorro/workspace/02604/project/project_cellpose-main/results_bbbc020/jw-24h 2_c1/d40_cp0.0_ft0.3
jw-24h 2_c1,40,0.0,0.5,0.8468364440743832,0.7343593540767491,43,23,0.8465830916997217,0.7339783955025253,43,23,/Users/sorro/workspace/02604/project/project_cellpose-main/results_bbbc020/jw-24h 2_c1/d40_cp0.0_ft0.5
jw-24h 2_c1,40,2.0,0.3,0.846532825134565,0.7339028310305602,40,23,0.846184629160773,0.7333795774841351,40,23,/Users/sorro/workspace/02604/project/project_cellpose-main/results_bbbc020/jw-24h 2_c1/d40_cp2.0_ft0.3
jw-24h 2_c1,40,2.0,0.5,0.8419784091588587,0.7270835153835765,43,23,0.841616079620497,0.7265433029705485,43,23,/Users/sorro/workspace/02604/project/project_cellpose-main/results_bbbc020/jw-24h 2_c1/d40_cp2.0_ft0.5
jw-24h 2_c1,55,-2.0,0.3,0.8157333102925765,0.688808793983816,39,23,0.8156518090182621,0.6886925781025143,39,23,/Users/sorro/workspace/02604/project/project_cellpose-main/results_bbbc020/jw-24h 2_c1/d55_cp-2.0_ft0.3
jw-24h 2_c1,55,-2.0,0.5,0.8093573716883411,0.6797651557596393,42,23,0.8092544999137099,0.6796200362336581,42,23,/Users/sorro/workspace/02604/project/project_cellpose-main/results_bbbc020/jw-24h 2_c1/d55_cp-2.0_ft0.5
jw-24h 2_c1,55,0.0,0.3,0.8379604371704353,0.721111796856557,40,23,0.8377382576004466,0.7207827867334684,40,23,/Users/sorro/workspace/02604/project/project_cellpose-main/results_bbbc020/jw-24h 2_c1/d55_cp0.0_ft0.3
jw-24h 2_c1,55,0.0,0.5,0.833169043367659,0.7140443426118182,42,23,0.8329194801955685,0.7136778191920652,42,23,/Users/sorro/workspace/02604/project/project_cellpose-main/results_bbbc020/jw-24h 2_c1/d55_cp0.0_ft0.5
jw-24h 2_c1,55,2.0,0.3,0.8306160881737557,0.7103023051485035,41,23,0.8303100285128179,0.7098547895192557,41,23,/Users/sorro/workspace/02604/project/project_cellpose-main/results_bbbc020/jw-24h 2_c1/d55_cp2.0_ft0.3
jw-24h 2_c1,55,2.0,0.5,0.8306160881737557,0.7103023051485035,41,23,0.8303100285128179,0.7098547895192557,41,23,/Users/sorro/workspace/02604/project/project_cellpose-main/results_bbbc020/jw-24h 2_c1/d55_cp2.0_ft0.5
jw-24h 2_c1,70,-2.0,0.3,0.804398380483155,0.6727980017359134,40,23,0.8043247329321299,0.672694965836802,40,23,/Users/sorro/workspace/02604/project/project_cellpose-main/results_bbbc020/jw-24h 2_c1/d70_cp-2.0_ft0.3
jw-24h 2_c1,70,-2.0,0.5,0.8079227675092265,0.67774364402642,43,23,0.8078418957242266,0.6776298318376018,43,23,/Users/sorro/workspace/02604/project/project_cellpose-main/results_bbbc020/jw-24h 2_c1/d70_cp-2.0_ft0.5
jw-24h 2_c1,70,0.0,0.3,0.8346474953617811,0.7162189054726368,42,23,0.8344009440442778,0.715855885247023,42,23,/Users/sorro/workspace/02604/project/project_cellpose-main/results_bbbc020/jw-24h 2_c1/d70_cp0.0_ft0.3
jw-24h 2_c1,70,0.0,0.5,0.8336675139657272,0.7147768959092767,43,23,0.8334047014759421,0.7143905881759864,43,23,/Users/sorro/workspace/02604/project/project_cellpose-main/results_bbbc020/jw-24h 2_c1/d70_cp0.0_ft0.5
jw-24h 2_c1,70,2.0,0.3,0.8294820137530428,0.708645252357564,41,23,0.829230479578786,0.7082781581813382,41,23,/Users/sorro/workspace/02604/project/project_cellpose-main/results_bbbc020/jw-24h 2_c1/d70_cp2.0_ft0.3
jw-24h 2_c1,70,2.0,0.5,0.8286274102717152,0.7073986684833782,42,23,0.8283732320559516,0.7070282573942617,42,23,/Users/sorro/workspace/02604/project/project_cellpose-main/results_bbbc020/jw-24h 2_c1/d70_cp2.0_ft0.5
jw-24h 3_c1,40,-2.0,0.3,0.8028096513119887,0.6705781183349662,43,23,0.8027919345408633,0.6705533964415681,43,23,/Users/sorro/workspace/02604/project/project_cellpose-main/results_bbbc020/jw-24h 3_c1/d40_cp-2.0_ft0.3
jw-24h 3_c1,40,-2.0,0.5,0.8180161705613298,0.69207052599849,48,23,0.8179630168465573,0.6919944371489904,48,23,/Users/sorro/workspace/02604/project/project_cellpose-main/results_bbbc020/jw-24h 3_c1/d40_cp-2.0_ft0.5
jw-24h 3_c1,40,0.0,0.3,0.8266251882043222,0.7044851993535585,46,23,0.8263489146057332,0.7040839691535209,46,23,/Users/sorro/workspace/02604/project/project_cellpose-main/results_bbbc020/jw-24h 3_c1/d40_cp0.0_ft0.3
jw-24h 3_c1,40,0.0,0.5,0.8363176344779267,0.7186820555648121,48,23,0.8360373772211082,0.7182682337557528,48,23,/Users/sorro/workspace/02604/project/project_cellpose-main/results_bbbc020/jw-24h 3_c1/d40_cp0.0_ft0.5
jw-24h 3_c1,40,2.0,0.3,0.8231687505302618,0.6994790042337581,45,23,0.822904788919275,0.6990978989403435,45,23,/Users/sorro/workspace/02604/project/project_cellpose-main/results_bbbc020/jw-24h 3_c1/d40_cp2.0_ft0.3
jw-24h 3_c1,40,2.0,0.5,0.8328548057896951,0.7135828600598472,48,23,0.8325606808894527,0.7131511396444715,47,23,/Users/sorro/workspace/02604/project/project_cellpose-main/results_bbbc020/jw-24h 3_c1/d40_cp2.0_ft0.5
jw-24h 3_c1,55,-2.0,0.3,0.8003464611310424,0.6671480016518895,42,23,0.8002784425111266,0.6670534821314558,42,23,/Users/sorro/workspace/02604/project/project_cellpose-main/results_bbbc020/jw-24h 3_c1/d55_cp-2.0_ft0.3
jw-24h 3_c1,55,-2.0,0.5,0.8111247484464496,0.6822622873060236,43,23,0.8110565909231626,0.6821658497210668,43,23,/Users/sorro/workspace/02604/project/project_cellpose-main/results_bbbc020/jw-24h 3_c1/d55_cp-2.0_ft0.5
jw-24h 3_c1,55,0.0,0.3,0.8318099541259051,0.712050198564657,43,23,0.8314053686092472,0.7114574603340302,43,23,/Users/sorro/workspace/02604/project/project_cellpose-main/results_bbbc020/jw-24h 3_c1/d55_cp0.0_ft0.3
jw-24h 3_c1,55,0.0,0.5,0.8318099541259051,0.712050198564657,43,23,0.8314053686092472,0.7114574603340302,43,23,/Users/sorro/workspace/02604/project/project_cellpose-main/results_bbbc020/jw-24h 3_c1/d55_cp0.0_ft0.5
jw-24h 3_c1,55,2.0,0.3,0.8331584380831318,0.7140287638661352,40,23,0.8329542831456306,0.7137289234827562,40,23,/Users/sorro/workspace/02604/project/project_cellpose-main/results_bbbc020/jw-24h 3_c1/d55_cp2.0_ft0.3
jw-24h 3_c1,55,2.0,0.5,0.8299415419889282,0.70931630493036,42,23,0.8296969231243984,0.7089590205465995,42,23,/Users/sorro/workspace/02604/project/project_cellpose-main/results_bbbc020/jw-24h 3_c1/d55_cp2.0_ft0.5
jw-24h 3_c1,70,-2.0,0.3,0.8098640210319389,0.6804802437232028,39,23,0.809767403341474,0.6803438299495621,39,23,/Users/sorro/workspace/02604/project/project_cellpose-main/results_bbbc020/jw-24h 3_c1/d70_cp-2.0_ft0.3
jw-24h 3_c1,70,-2.0,0.5,0.8154076120743248,0.6883444637882359,44,23,0.8152974569991783,0.6881874794782246,42,23,/Users/sorro/workspace/02604/project/project_cellpose-main/results_bbbc020/jw-24h 3_c1/d70_cp-2.0_ft0.5
jw-24h 3_c1,70,0.0,0.3,0.8361378577058735,0.7184165781505144,43,23,0.8359056098552212,0.7180737377759026,42,23,/Users/sorro/workspace/02604/project/project_cellpose-main/results_bbbc020/jw-24h 3_c1/d70_cp0.0_ft0.3
jw-24h 3_c1,70,0.0,0.5,0.8361609088833383,0.7184506133756617,44,23,0.8359056098552212,0.7180737377759026,42,23,/Users/sorro/workspace/02604/project/project_cellpose-main/results_bbbc020/jw-24h 3_c1/d70_cp0.0_ft0.5
jw-24h 3_c1,70,2.0,0.3,0.8317102276317644,0.7119040560851679,40,23,0.8315005855398385,0.7115969210168462,40,23,/Users/sorro/workspace/02604/project/project_cellpose-main/results_bbbc020/jw-24h 3_c1/d70_cp2.0_ft0.3
jw-24h 3_c1,70,2.0,0.5,0.8317102276317644,0.7119040560851679,40,23,0.8315005855398385,0.7115969210168462,40,23,/Users/sorro/workspace/02604/project/project_cellpose-main/results_bbbc020/jw-24h 3_c1/d70_cp2.0_ft0.5
jw-24h 4_c1,40,-2.0,0.3,0.8040335229994815,0.6722876756679635,37,28,0.8037697722784619,0.6719189614606242,37,28,/Users/sorro/workspace/02604/project/project_cellpose-main/results_bbbc020/jw-24h 4_c1/d40_cp-2.0_ft0.3
jw-24h 4_c1,40,-2.0,0.5,0.8040335229994815,0.6722876756679635,37,28,0.8037697722784619,0.6719189614606242,37,28,/Users/sorro/workspace/02604/project/project_cellpose-main/results_bbbc020/jw-24h 4_c1/d40_cp-2.0_ft0.5
jw-24h 4_c1,40,0.0,0.3,0.8518511046101079,0.7419343501792367,37,28,0.8513539960407878,0.7411804795439995,37,28,/Users/sorro/workspace/02604/project/project_cellpose-main/results_bbbc020/jw-24h 4_c1/d40_cp0.0_ft0.3
jw-24h 4_c1,40,0.0,0.5,0.8518511046101079,0.7419343501792367,37,28,0.8513539960407878,0.7411804795439995,37,28,/Users/sorro/workspace/02604/project/project_cellpose-main/results_bbbc020/jw-24h 4_c1/d40_cp0.0_ft0.5
jw-24h 4_c1,40,2.0,0.3,0.8539235950778366,0.7450843516282244,37,28,0.8537216811838628,0.744776959635402,37,28,/Users/sorro/workspace/02604/project/project_cellpose-main/results_bbbc020/jw-24h 4_c1/d40_cp2.0_ft0.3
jw-24h 4_c1,40,2.0,0.5,0.8539235950778366,0.7450843516282244,37,28,0.8537216811838628,0.744776959635402,37,28,/Users/sorro/workspace/02604/project/project_cellpose-main/results_bbbc020/jw-24h 4_c1/d40_cp2.0_ft0.5
jw-24h 4_c1,55,-2.0,0.3,0.8016891166055387,0.6690159688232071,37,28,0.8015011737460326,0.668754241713534,37,28,/Users/sorro/workspace/02604/project/project_cellpose-main/results_bbbc020/jw-24h 4_c1/d55_cp-2.0_ft0.3
jw-24h 4_c1,55,-2.0,0.5,0.8016891166055387,0.6690159688232071,37,28,0.8015011737460326,0.668754241713534,37,28,/Users/sorro/workspace/02604/project/project_cellpose-main/results_bbbc020/jw-24h 4_c1/d55_cp-2.0_ft0.5
jw-24h 4_c1,55,0.0,0.3,0.8486688070602196,0.7371196162011817,37,28,0.8482059585185606,0.7364215545234083,37,28,/Users/sorro/workspace/02604/project/project_cellpose-main/results_bbbc020/jw-24h 4_c1/d55_cp0.0_ft0.3
jw-24h 4_c1,55,0.0,0.5,0.8486688070602196,0.7371196162011817,37,28,0.8482059585185606,0.7364215545234083,37,28,/Users/sorro/workspace/02604/project/project_cellpose-main/results_bbbc020/jw-24h 4_c1/d55_cp0.0_ft0.5
jw-24h 4_c1,55,2.0,0.3,0.8506144215163459,0.7400601133681641,36,28,0.8505185633445566,0.7399150053429694,36,28,/Users/sorro/workspace/02604/project/project_cellpose-main/results_bbbc020/jw-24h 4_c1/d55_cp2.0_ft0.3
jw-24h 4_c1,55,2.0,0.5,0.8493770185640365,0.738188817942802,37,28,0.8491213366531996,0.7378026578266046,37,28,/Users/sorro/workspace/02604/project/project_cellpose-main/results_bbbc020/jw-24h 4_c1/d55_cp2.0_ft0.5
jw-24h 4_c1,70,-2.0,0.3,0.8066947646773305,0.6760171168269452,37,28,0.806462732905617,0.6756912876871596,37,28,/Users/sorro/workspace/02604/project/project_cellpose-main/results_bbbc020/jw-24h 4_c1/d70_cp-2.0_ft0.3
jw-24h 4_c1,70,-2.0,0.5,0.8066947646773305,0.6760171168269452,37,28,0.806462732905617,0.6756912876871596,37,28,/Users/sorro/workspace/02604/project/project_cellpose-main/results_bbbc020/jw-24h 4_c1/d70_cp-2.0_ft0.5
jw-24h 4_c1,70,0.0,0.3,0.8507160636426769,0.7402140034594388,37,28,0.8502383888301894,0.7394910219389956,37,28,/Users/sorro/workspace/02604/project/project_cellpose-main/results_bbbc020/jw-24h 4_c1/d70_cp0.0_ft0.3
jw-24h 4_c1,70,0.0,0.5,0.8507160636426769,0.7402140034594388,37,28,0.8502383888301894,0.7394910219389956,37,28,/Users/sorro/workspace/02604/project/project_cellpose-main/results_bbbc020/jw-24h 4_c1/d70_cp0.0_ft0.5
jw-24h 4_c1,70,2.0,0.3,0.8451881435483829,0.731883846556085,37,28,0.8448510309852443,0.7313784227378315,37,28,/Users/sorro/workspace/02604/project/project_cellpose-main/results_bbbc020/jw-24h 4_c1/d70_cp2.0_ft0.3
jw-24h 4_c1,70,2.0,0.5,0.8451881435483829,0.731883846556085,37,28,0.8448510309852443,0.7313784227378315,37,28,/Users/sorro/workspace/02604/project/project_cellpose-main/results_bbbc020/jw-24h 4_c1/d70_cp2.0_ft0.5
jw-24h 5_c1,40,-2.0,0.3,0.8478569982410334,0.7358956283609045,29,20,0.8477329851018718,0.7357088019887644,29,20,/Users/sorro/workspace/02604/project/project_cellpose-main/results_bbbc020/jw-24h 5_c1/d40_cp-2.0_ft0.3
jw-24h 5_c1,40,-2.0,0.5,0.8464622082120654,0.733796685499211,30,20,0.8463188292026467,0.73358120997825,30,20,/Users/sorro/workspace/02604/project/project_cellpose-main/results_bbbc020/jw-24h 5_c1/d40_cp-2.0_ft0.5
jw-24h 5_c1,40,0.0,0.3,0.8842369025118193,0.792495203060958,30,20,0.8837617399275284,0.7917321700388142,30,20,/Users/sorro/workspace/02604/project/project_cellpose-main/results_bbbc020/jw-24h 5_c1/d40_cp0.0_ft0.3
jw-24h 5_c1,40,0.0,0.5,0.8842369025118193,0.792495203060958,30,20,0.8837617399275284,0.7917321700388142,30,20,/Users/sorro/workspace/02604/project/project_cellpose-main/results_bbbc020/jw-24h 5_c1/d40_cp0.0_ft0.5
jw-24h 5_c1,40,2.0,0.3,0.866645717351659,0.7646732629152319,27,20,0.8664778144355353,0.764411870777855,27,20,/Users/sorro/workspace/02604/project/project_cellpose-main/results_bbbc020/jw-24h 5_c1/d40_cp2.0_ft0.3
jw-24h 5_c1,40,2.0,0.5,0.866645717351659,0.7646732629152319,27,20,0.8664778144355353,0.764411870777855,27,20,/Users/sorro/workspace/02604/project/project_cellpose-main/results_bbbc020/jw-24h 5_c1/d40_cp2.0_ft0.5
jw-24h 5_c1,55,-2.0,0.3,0.8476276454670686,0.7355501389224328,29,20,0.8474948437697305,0.7353501536963204,29,20,/Users/sorro/workspace/02604/project/project_cellpose-main/results_bbbc020/jw-24h 5_c1/d55_cp-2.0_ft0.3
jw-24h 5_c1,55,-2.0,0.5,0.8462609877376323,0.7334942987480317,30,20,0.8460989836428007,0.7332509215685481,30,20,/Users/sorro/workspace/02604/project/project_cellpose-main/results_bbbc020/jw-24h 5_c1/d55_cp-2.0_ft0.5
jw-24h 5_c1,55,0.0,0.3,0.8858554131414965,0.7950991492399544,29,20,0.8855552334156689,0.794615632796063,29,20,/Users/sorro/workspace/02604/project/project_cellpose-main/results_bbbc020/jw-24h 5_c1/d55_cp0.0_ft0.3
jw-24h 5_c1,55,0.0,0.5,0.8858554131414965,0.7950991492399544,29,20,0.8855552334156689,0.794615632796063,29,20,/Users/sorro/workspace/02604/project/project_cellpose-main/results_bbbc020/jw-24h 5_c1/d55_cp0.0_ft0.5
jw-24h 5_c1,55,2.0,0.3,0.8696663857427697,0.7693891208519429,27,20,0.8693278249065454,0.7688593069292536,27,20,/Users/sorro/workspace/02604/project/project_cellpose-main/results_bbbc020/jw-24h 5_c1/d55_cp2.0_ft0.3
jw-24h 5_c1,55,2.0,0.5,0.8696663857427697,0.7693891208519429,27,20,0.8693278249065454,0.7688593069292536,27,20,/Users/sorro/workspace/02604/project/project_cellpose-main/results_bbbc020/jw-24h 5_c1/d55_cp2.0_ft0.5
jw-24h 5_c1,70,-2.0,0.3,0.8463771701155917,0.7336688804957143,29,20,0.846213256053797,0.7334225848006908,29,20,/Users/sorro/workspace/02604/project/project_cellpose-main/results_bbbc020/jw-24h 5_c1/d70_cp-2.0_ft0.3
jw-24h 5_c1,70,-2.0,0.5,0.8448481304737266,0.7313740753587649,30,20,0.8446621840362771,0.7310954184700549,30,20,/Users/sorro/workspace/02604/project/project_cellpose-main/results_bbbc020/jw-24h 5_c1/d70_cp-2.0_ft0.5
jw-24h 5_c1,70,0.0,0.3,0.8844502869277245,0.7928380748643712,30,20,0.8839393200602808,0.7920172585132416,30,20,/Users/sorro/workspace/02604/project/project_cellpose-main/results_bbbc020/jw-24h 5_c1/d70_cp0.0_ft0.3
jw-24h 5_c1,70,0.0,0.5,0.8844502869277245,0.7928380748643712,30,20,0.8839393200602808,0.7920172585132416,30,20,/Users/sorro/workspace/02604/project/project_cellpose-main/results_bbbc020/jw-24h 5_c1/d70_cp0.0_ft0.5
jw-24h 5_c1,70,2.0,0.3,0.8708740536254924,0.771281588578996,27,20,0.8706900918488745,0.7709930512115526,27,20,/Users/sorro/workspace/02604/project/project_cellpose-main/results_bbbc020/jw-24h 5_c1/d70_cp2.0_ft0.3
jw-24h 5_c1,70,2.0,0.5,0.8708740536254924,0.771281588578996,27,20,0.8706900918488745,0.7709930512115526,27,20,/Users/sorro/workspace/02604/project/project_cellpose-main/results_bbbc020/jw-24h 5_c1/d70_cp2.0_ft0.5
jw-2h 1_c1,40,-2.0,0.3,0.6346436880273946,0.46481909700954904,56,34,0.6345473934042078,0.46471579485002934,56,34,/Users/sorro/workspace/02604/project/project_cellpose-main/results_bbbc020/jw-2h 1_c1/d40_cp-2.0_ft0.3
jw-2h 1_c1,40,-2.0,0.5,0.6535557165239165,0.4853938068916206,69,34,0.6534197104296352,0.48524378047900363,67,34,/Users/sorro/workspace/02604/project/project_cellpose-main/results_bbbc020/jw-2h 1_c1/d40_cp-2.0_ft0.5
jw-2h 1_c1,40,0.0,0.3,0.660034030165897,0.4925752183449956,59,34,0.6598203547564492,0.49233724530754236,59,34,/Users/sorro/workspace/02604/project/project_cellpose-main/results_bbbc020/jw-2h 1_c1/d40_cp0.0_ft0.3
jw-2h 1_c1,40,0.0,0.5,0.6833297316303993,0.5189831866383291,70,34,0.6830999193917955,0.5187181088760423,70,34,/Users/sorro/workspace/02604/project/project_cellpose-main/results_bbbc020/jw-2h 1_c1/d40_cp0.0_ft0.5
jw-2h 1_c1,40,2.0,0.3,0.6581030144420711,0.4904273737290255,58,34,0.657973234440503,0.49028324272369567,58,34,/Users/sorro/workspace/02604/project/project_cellpose-main/results_bbbc020/jw-2h 1_c1/d40_cp2.0_ft0.3
jw-2h 1_c1,40,2.0,0.5,0.6721977752683457,0.50624841768449,63,34,0.6720985503604511,0.5061358661389279,63,34,/Users/sorro/workspace/02604/project/project_cellpose-main/results_bbbc020/jw-2h 1_c1/d40_cp2.0_ft0.5
jw-2h 1_c1,55,-2.0,0.3,0.6823365675999432,0.5178382816294006,57,34,0.6822598510558069,0.51774991571931,56,34,/Users/sorro/workspace/02604/project/project_cellpose-main/results_bbbc020/jw-2h 1_c1/d55_cp-2.0_ft0.3
jw-2h 1_c1,55,-2.0,0.5,0.7007475665810091,0.5393467416774334,68,34,0.700678297828753,0.5392646768370576,66,34,/Users/sorro/workspace/02604/project/project_cellpose-main/results_bbbc020/jw-2h 1_c1/d55_cp-2.0_ft0.5
jw-2h 1_c1,55,0.0,0.3,0.716325684608744,0.5580275900358825,61,34,0.7161050468121498,0.5577598424498009,61,34,/Users/sorro/workspace/02604/project/project_cellpose-main/results_bbbc020/jw-2h 1_c1/d55_cp0.0_ft0.3
jw-2h 1_c1,55,0.0,0.5,0.7241397420889418,0.5675697926938819,70,34,0.7238324680627661,0.5671923551949186,69,34,/Users/sorro/workspace/02604/project/project_cellpose-main/results_bbbc020/jw-2h 1_c1/d55_cp0.0_ft0.5
jw-2h 1_c1,55,2.0,0.3,0.6981366986787898,0.5362596041921438,60,34,0.6980046044957119,0.5361037426905502,60,34,/Users/sorro/workspace/02604/project/project_cellpose-main/results_bbbc020/jw-2h 1_c1/d55_cp2.0_ft0.3
jw-2h 1_c1,55,2.0,0.5,0.7045192260805019,0.5438283919482398,62,34,0.7043851014597147,0.5436685717749276,62,34,/Users/sorro/workspace/02604/project/project_cellpose-main/results_bbbc020/jw-2h 1_c1/d55_cp2.0_ft0.5
jw-2h 1_c1,70,-2.0,0.3,0.6677036496440654,0.5011675138685793,52,34,0.6675946269000047,0.5010446823302496,52,34,/Users/sorro/workspace/02604/project/project_cellpose-main/results_bbbc020/jw-2h 1_c1/d70_cp-2.0_ft0.3
jw-2h 1_c1,70,-2.0,0.5,0.6863584741579383,0.5224853665599323,65,34,0.6862428805481985,0.5223514075680524,65,34,/Users/sorro/workspace/02604/project/project_cellpose-main/results_bbbc020/jw-2h 1_c1/d70_cp-2.0_ft0.5
jw-2h 1_c1,70,0.0,0.3,0.6904327685825967,0.5272220868227669,58,34,0.6902391180195168,0.5269962842193069,58,34,/Users/sorro/workspace/02604/project/project_cellpose-main/results_bbbc020/jw-2h 1_c1/d70_cp0.0_ft0.3
jw-2h 1_c1,70,0.0,0.5,0.7171164252463432,0.5589879232681314,66,34,0.716897449995305,0.5587218652107595,66,34,/Users/sorro/workspace/02604/project/project_cellpose-main/results_bbbc020/jw-2h 1_c1/d70_cp0.0_ft0.5
jw-2h 1_c1,70,2.0,0.3,0.6713014492095221,0.5052323183540368,59,34,0.6712363072177572,0.5051585250739983,59,34,/Users/sorro/workspace/02604/project/project_cellpose-main/results_bbbc020/jw-2h 1_c1/d70_cp2.0_ft0.3
jw-2h 1_c1,70,2.0,0.5,0.6948291801226272,0.5323664684657214,63,34,0.6947946264884702,0.5323259010336374,63,34,/Users/sorro/workspace/02604/project/project_cellpose-main/results_bbbc020/jw-2h 1_c1/d70_cp2.0_ft0.5
jw-2h 2_c1,40,-2.0,0.3,0.5872452568955111,0.41567388802748323,57,31,0.587228443875798,0.41565704046788754,58,31,/Users/sorro/workspace/02604/project/project_cellpose-main/results_bbbc020/jw-2h 2_c1/d40_cp-2.0_ft0.3
jw-2h 2_c1,40,-2.0,0.5,0.6202215956873496,0.44950811938263285,75,31,0.6201677132023994,0.44945151605469574,76,31,/Users/sorro/workspace/02604/project/project_cellpose-main/results_bbbc020/jw-2h 2_c1/d40_cp-2.0_ft0.5
jw-2h 2_c1,40,0.0,0.3,0.6413106501561903,0.47200682792568677,62,31,0.6410809048361134,0.4717579634560941,62,31,/Users/sorro/workspace/02604/project/project_cellpose-main/results_bbbc020/jw-2h 2_c1/d40_cp0.0_ft0.3
jw-2h 2_c1,40,0.0,0.5,0.6497423756970931,0.4811988201381448,73,31,0.6494811405319091,0.48091230713187577,73,31,/Users/sorro/workspace/02604/project/project_cellpose-main/results_bbbc020/jw-2h 2_c1/d40_cp0.0_ft0.5
jw-2h 2_c1,40,2.0,0.3,0.6457988382264147,0.47688545576243463,61,31,0.6456509712850006,0.4767242103740359,61,31,/Users/sorro/workspace/02604/project/project_cellpose-main/results_bbbc020/jw-2h 2_c1/d40_cp2.0_ft0.3
jw-2h 2_c1,40,2.0,0.5,0.6624332349217368,0.4952524630671253,65,31,0.6622756955746345,0.4950763721521247,65,31,/Users/sorro/workspace/02604/project/project_cellpose-main/results_bbbc020/jw-2h 2_c1/d40_cp2.0_ft0.5
jw-2h 2_c1,55,-2.0,0.3,0.6396906887598592,0.4702538484991169,54,31,0.6396435968158305,0.47020295219592795,54,31,/Users/sorro/workspace/02604/project/project_cellpose-main/results_bbbc020/jw-2h 2_c1/d55_cp-2.0_ft0.3
jw-2h 2_c1,55,-2.0,0.5,0.6340100601818353,0.46413962628907224,70,31,0.6339570757660709,0.46408283701743214,70,31,/Users/sorro/workspace/02604/project/project_cellpose-main/results_bbbc020/jw-2h 2_c1/d55_cp-2.0_ft0.5
jw-2h 2_c1,55,0.0,0.3,0.6632546689488478,0.4961713002036792,64,31,0.6630412732146739,0.49593249210387746,64,31,/Users/sorro/workspace/02604/project/project_cellpose-main/results_bbbc020/jw-2h 2_c1/d55_cp0.0_ft0.3
jw-2h 2_c1,55,0.0,0.5,0.6729222725093884,0.5070707303496276,72,31,0.672657920048162,0.5067705832640891,72,31,/Users/sorro/workspace/02604/project/project_cellpose-main/results_bbbc020/jw-2h 2_c1/d55_cp0.0_ft0.5
jw-2h 2_c1,55,2.0,0.3,0.6659370245465445,0.49917960156280383,62,31,0.6657639624789042,0.4989851448742462,62,31,/Users/sorro/workspace/02604/project/project_cellpose-main/results_bbbc020/jw-2h 2_c1/d55_cp2.0_ft0.3
jw-2h 2_c1,55,2.0,0.5,0.6773800941961966,0.5121502339589608,66,31,0.6772060814278639,0.5119513114778004,66,31,/Users/sorro/workspace/02604/project/project_cellpose-main/results_bbbc020/jw-2h 2_c1/d55_cp2.0_ft0.5
jw-2h 2_c1,70,-2.0,0.3,0.6590199073025498,0.49144645091404554,53,31,0.6589206767704434,0.49133609426148317,53,31,/Users/sorro/workspace/02604/project/project_cellpose-main/results_bbbc020/jw-2h 2_c1/d70_cp-2.0_ft0.3
jw-2h 2_c1,70,-2.0,0.5,0.62926600451423,0.4590722974600381,71,31,0.6291860750784826,0.45898722185398355,71,31,/Users/sorro/workspace/02604/project/project_cellpose-main/results_bbbc020/jw-2h 2_c1/d70_cp-2.0_ft0.5
jw-2h 2_c1,70,0.0,0.3,0.6897419912672405,0.5264169245065995,59,31,0.689437324427619,0.5260620779746463,59,31,/Users/sorro/workspace/02604/project/project_cellpose-main/results_bbbc020/jw-2h 2_c1/d70_cp0.0_ft0.3
jw-2h 2_c1,70,0.0,0.5,0.6689686213916303,0.5025941778255111,72,31,0.6686770663103399,0.5022651149388317,72,31,/Users/sorro/workspace/02604/project/project_cellpose-main/results_bbbc020/jw-2h 2_c1/d70_cp0.0_ft0.5
jw-2h 2_c1,70,2.0,0.3,0.6764621625217055,0.511101491295899,65,31,0.6761560078644058,0.5107520311163303,65,31,/Users/sorro/workspace/02604/project/project_cellpose-main/results_bbbc020/jw-2h 2_c1/d70_cp2.0_ft0.3
jw-2h 2_c1,70,2.0,0.5,0.676533654752325,0.5111831193755951,68,31,0.676231089238982,0.5108377177782678,68,31,/Users/sorro/workspace/02604/project/project_cellpose-main/results_bbbc020/jw-2h 2_c1/d70_cp2.0_ft0.5
jw-Kontrolle1_c1,40,-2.0,0.3,0.7745241541936472,0.6320191106533126,23,18,0.7743984791813786,0.6318517609737716,23,18,/Users/sorro/workspace/02604/project/project_cellpose-main/results_bbbc020/jw-Kontrolle1_c1/d40_cp-2.0_ft0.3
jw-Kontrolle1_c1,40,-2.0,0.5,0.7951278376362436,0.6599271378934813,27,18,0.7950113160302403,0.6597666240409207,27,18,/Users/sorro/workspace/02604/project/project_cellpose-main/results_bbbc020/jw-Kontrolle1_c1/d40_cp-2.0_ft0.5
jw-Kontrolle1_c1,40,0.0,0.3,0.7978775602363863,0.6637240382878815,23,18,0.7976163435844834,0.6633625958974655,23,18,/Users/sorro/workspace/02604/project/project_cellpose-main/results_bbbc020/jw-Kontrolle1_c1/d40_cp0.0_ft0.3
jw-Kontrolle1_c1,40,0.0,0.5,0.8226017990895023,0.6986606557181533,28,18,0.8223050998766193,0.6982327084803295,29,18,/Users/sorro/workspace/02604/project/project_cellpose-main/results_bbbc020/jw-Kontrolle1_c1/d40_cp0.0_ft0.5
jw-Kontrolle1_c1,40,2.0,0.3,0.8065332518669827,0.6757903000889396,22,18,0.8064593775431507,0.6756865768699942,22,18,/Users/sorro/workspace/02604/project/project_cellpose-main/results_bbbc020/jw-Kontrolle1_c1/d40_cp2.0_ft0.3
jw-Kontrolle1_c1,40,2.0,0.5,0.8364495454581734,0.7188769014640999,24,18,0.8363638104386706,0.7187502571177037,24,18,/Users/sorro/workspace/02604/project/project_cellpose-main/results_bbbc020/jw-Kontrolle1_c1/d40_cp2.0_ft0.5
jw-Kontrolle1_c1,55,-2.0,0.3,0.7494500188896178,0.5992963337812135,22,18,0.7493233080656224,0.5991343029721538,22,18,/Users/sorro/workspace/02604/project/project_cellpose-main/results_bbbc020/jw-Kontrolle1_c1/d55_cp-2.0_ft0.3
jw-Kontrolle1_c1,55,-2.0,0.5,0.7736983031538321,0.6309200298292402,25,18,0.7735657537218601,0.630743764754939,25,18,/Users/sorro/workspace/02604/project/project_cellpose-main/results_bbbc020/jw-Kontrolle1_c1/d55_cp-2.0_ft0.5
jw-Kontrolle1_c1,55,0.0,0.3,0.8120428466451868,0.6835624031994443,23,18,0.8118412111331346,0.683276695623637,23,18,/Users/sorro/workspace/02604/project/project_cellpose-main/results_bbbc020/jw-Kontrolle1_c1/d55_cp0.0_ft0.3
jw-Kontrolle1_c1,55,0.0,0.5,0.8047655660265055,0.6733118986131487,25,18,0.80452489954779,0.6729750366556895,25,18,/Users/sorro/workspace/02604/project/project_cellpose-main/results_bbbc020/jw-Kontrolle1_c1/d55_cp0.0_ft0.5
jw-Kontrolle1_c1,55,2.0,0.3,0.7886790697674418,0.6510901034427149,23,18,0.7884958343727388,0.6508403823477502,23,18,/Users/sorro/workspace/02604/project/project_cellpose-main/results_bbbc020/jw-Kontrolle1_c1/d55_cp2.0_ft0.3
jw-Kontrolle1_c1,55,2.0,0.5,0.7831255561337123,0.6435549370611677,24,18,0.7829470364244778,0.6433138572082311,24,18,/Users/sorro/workspace/02604/project/project_cellpose-main/results_bbbc020/jw-Kontrolle1_c1/d55_cp2.0_ft0.5
jw-Kontrolle1_c1,70,-2.0,0.3,0.8091938533327969,0.679534494844142,24,18,0.8090087599130292,0.6792734763136901,24,18,/Users/sorro/workspace/02604/project/project_cellpose-main/results_bbbc020/jw-Kontrolle1_c1/d70_cp-2.0_ft0.3
jw-Kontrolle1_c1,70,-2.0,0.5,0.8091938533327969,0.679534494844142,24,18,0.8090087599130292,0.6792734763136901,24,18,/Users/sorro/workspace/02604/project/project_cellpose-main/results_bbbc020/jw-Kontrolle1_c1/d70_cp-2.0_ft0.5
jw-Kontrolle1_c1,70,0.0,0.3,0.8430993047396159,0.7287568485295612,24,18,0.8427942284369664,0.7283010931570166,24,18,/Users/sorro/workspace/02604/project/project_cellpose-main/results_bbbc020/jw-Kontrolle1_c1/d70_cp0.0_ft0.3
jw-Kontrolle1_c1,70,0.0,0.5,0.8430993047396159,0.7287568485295612,24,18,0.8427942284369664,0.7283010931570166,24,18,/Users/sorro/workspace/02604/project/project_cellpose-main/results_bbbc020/jw-Kontrolle1_c1/d70_cp0.0_ft0.5
jw-Kontrolle1_c1,70,2.0,0.3,0.8143322083294445,0.6868131310053426,24,18,0.8142145632484585,0.6866457775691687,24,18,/Users/sorro/workspace/02604/project/project_cellpose-main/results_bbbc020/jw-Kontrolle1_c1/d70_cp2.0_ft0.3
jw-Kontrolle1_c1,70,2.0,0.5,0.8143322083294445,0.6868131310053426,24,18,0.8142145632484585,0.6866457775691687,24,18,/Users/sorro/workspace/02604/project/project_cellpose-main/results_bbbc020/jw-Kontrolle1_c1/d70_cp2.0_ft0.5
jw-Kontrolle2_c1,40,-2.0,0.3,0.6516311469756535,0.48327365728900257,33,19,0.6515662901067314,0.48320231489785603,33,19,/Users/sorro/workspace/02604/project/project_cellpose-main/results_bbbc020/jw-Kontrolle2_c1/d40_cp-2.0_ft0.3
jw-Kontrolle2_c1,40,-2.0,0.5,0.6388926456666059,0.4693918107433232,37,19,0.6387835829158383,0.46927408081381033,37,19,/Users/sorro/workspace/02604/project/project_cellpose-main/results_bbbc020/jw-Kontrolle2_c1/d40_cp-2.0_ft0.5
jw-Kontrolle2_c1,40,0.0,0.3,0.6811566904087664,0.5164803775058663,35,19,0.6810030503472204,0.5163037340810315,35,19,/Users/sorro/workspace/02604/project/project_cellpose-main/results_bbbc020/jw-Kontrolle2_c1/d40_cp0.0_ft0.3
jw-Kontrolle2_c1,40,0.0,0.5,0.6811566904087664,0.5164803775058663,35,19,0.6810030503472204,0.5163037340810315,35,19,/Users/sorro/workspace/02604/project/project_cellpose-main/results_bbbc020/jw-Kontrolle2_c1/d40_cp0.0_ft0.5
jw-Kontrolle2_c1,40,2.0,0.3,0.6917532962791055,0.5287636455048057,34,19,0.691493875571761,0.5284605571669861,34,19,/Users/sorro/workspace/02604/project/project_cellpose-main/results_bbbc020/jw-Kontrolle2_c1/d40_cp2.0_ft0.3
jw-Kontrolle2_c1,40,2.0,0.5,0.6917532962791055,0.5287636455048057,34,19,0.691493875571761,0.5284605571669861,34,19,/Users/sorro/workspace/02604/project/project_cellpose-main/results_bbbc020/jw-Kontrolle2_c1/d40_cp2.0_ft0.5
jw-Kontrolle2_c1,55,-2.0,0.3,0.6613605906171796,0.4940543255947468,32,19,0.6612900746933883,0.49397562697679226,32,19,/Users/sorro/workspace/02604/project/project_cellpose-main/results_bbbc020/jw-Kontrolle2_c1/d55_cp-2.0_ft0.3
jw-Kontrolle2_c1,55,-2.0,0.5,0.6564768010344344,0.48862334609471814,35,19,0.6563635150209273,0.4884978358050096,35,19,/Users/sorro/workspace/02604/project/project_cellpose-main/results_bbbc020/jw-Kontrolle2_c1/d55_cp-2.0_ft0.5
jw-Kontrolle2_c1,55,0.0,0.3,0.703462180113344,0.5425697340435786,33,19,0.7032402804599377,0.5423057717349244,33,19,/Users/sorro/workspace/02604/project/project_cellpose-main/results_bbbc020/jw-Kontrolle2_c1/d55_cp0.0_ft0.3
jw-Kontrolle2_c1,55,0.0,0.5,0.701291690285019,0.5399916863848564,34,19,0.7010144092817152,0.5396629603058826,34,19,/Users/sorro/workspace/02604/project/project_cellpose-main/results_bbbc020/jw-Kontrolle2_c1/d55_cp0.0_ft0.5
jw-Kontrolle2_c1,55,2.0,0.3,0.7130536488005182,0.5540663355049149,31,19,0.7128549527492392,0.5538264349242072,31,19,/Users/sorro/workspace/02604/project/project_cellpose-main/results_bbbc020/jw-Kontrolle2_c1/d55_cp2.0_ft0.3
jw-Kontrolle2_c1,55,2.0,0.5,0.7130536488005182,0.5540663355049149,31,19,0.7128549527492392,0.5538264349242072,31,19,/Users/sorro/workspace/02604/project/project_cellpose-main/results_bbbc020/jw-Kontrolle2_c1/d55_cp2.0_ft0.5
jw-Kontrolle2_c1,70,-2.0,0.3,0.6584977784989239,0.49086596201241967,32,19,0.6584387040004428,0.4908003130113111,32,19,/Users/sorro/workspace/02604/project/project_cellpose-main/results_bbbc020/jw-Kontrolle2_c1/d70_cp-2.0_ft0.3
jw-Kontrolle2_c1,70,-2.0,0.5,0.6555831439993234,0.4876338325223985,33,19,0.6555021695900154,0.4875442375315175,33,19,/Users/sorro/workspace/02604/project/project_cellpose-main/results_bbbc020/jw-Kontrolle2_c1/d70_cp-2.0_ft0.5
jw-Kontrolle2_c1,70,0.0,0.3,0.701216287678477,0.5399022801302932,33,19,0.70106072417854,0.539717858431206,33,19,/Users/sorro/workspace/02604/project/project_cellpose-main/results_bbbc020/jw-Kontrolle2_c1/d70_cp0.0_ft0.3
jw-Kontrolle2_c1,70,0.0,0.5,0.701216287678477,0.5399022801302932,33,19,0.70106072417854,0.539717858431206,33,19,/Users/sorro/workspace/02604/project/project_cellpose-main/results_bbbc020/jw-Kontrolle2_c1/d70_cp0.0_ft0.5
jw-Kontrolle2_c1,70,2.0,0.3,0.7126737237670078,0.553607688217514,31,19,0.7123740252345578,0.553246081700337,31,19,/Users/sorro/workspace/02604/project/project_cellpose-main/results_bbbc020/jw-Kontrolle2_c1/d70_cp2.0_ft0.3
jw-Kontrolle2_c1,70,2.0,0.5,0.7126737237670078,0.553607688217514,31,19,0.7123740252345578,0.553246081700337,31,19,/Users/sorro/workspace/02604/project/project_cellpose-main/results_bbbc020/jw-Kontrolle2_c1/d70_cp2.0_ft0.5
jw-Kontrolle3_c1,40,-2.0,0.3,0.7219695884845688,0.5649079880880844,33,22,0.7217955012783954,0.5646948528191683,33,22,/Users/sorro/workspace/02604/project/project_cellpose-main/results_bbbc020/jw-Kontrolle3_c1/d40_cp-2.0_ft0.3
jw-Kontrolle3_c1,40,-2.0,0.5,0.7577370926251428,0.6099651596507767,35,22,0.7575610719587214,0.6097370702582753,35,22,/Users/sorro/workspace/02604/project/project_cellpose-main/results_bbbc020/jw-Kontrolle3_c1/d40_cp-2.0_ft0.5
jw-Kontrolle3_c1,40,0.0,0.3,0.7496654572544043,0.5995718998598745,33,22,0.7493858227906282,0.5992142392490802,33,22,/Users/sorro/workspace/02604/project/project_cellpose-main/results_bbbc020/jw-Kontrolle3_c1/d40_cp0.0_ft0.3
jw-Kontrolle3_c1,40,0.0,0.5,0.7891980494020239,0.6517978014589952,35,22,0.7889103972211874,0.651405474385259,35,22,/Users/sorro/workspace/02604/project/project_cellpose-main/results_bbbc020/jw-Kontrolle3_c1/d40_cp0.0_ft0.5
jw-Kontrolle3_c1,40,2.0,0.3,0.7803226644064807,0.6397779491628909,33,22,0.7802921406095038,0.6397369129025912,33,22,/Users/sorro/workspace/02604/project/project_cellpose-main/results_bbbc020/jw-Kontrolle3_c1/d40_cp2.0_ft0.3
jw-Kontrolle3_c1,40,2.0,0.5,0.7803226644064807,0.6397779491628909,33,22,0.7802921406095038,0.6397369129025912,33,22,/Users/sorro/workspace/02604/project/project_cellpose-main/results_bbbc020/jw-Kontrolle3_c1/d40_cp2.0_ft0.5
jw-Kontrolle3_c1,55,-2.0,0.3,0.7792655916871933,0.6383580133243125,31,22,0.7791988724150456,0.638268473716512,31,22,/Users/sorro/workspace/02604/project/project_cellpose-main/results_bbbc020/jw-Kontrolle3_c1/d55_cp-2.0_ft0.3
jw-Kontrolle3_c1,55,-2.0,0.5,0.7642904557071489,0.6185033200051254,35,22,0.7641535378136337,0.6183240080339356,35,22,/Users/sorro/workspace/02604/project/project_cellpose-main/results_bbbc020/jw-Kontrolle3_c1/d55_cp-2.0_ft0.5
jw-Kontrolle3_c1,55,0.0,0.3,0.7988293712881928,0.6650423779882925,33,22,0.798484436984368,0.6645643731657428,33,22,/Users/sorro/workspace/02604/project/project_cellpose-main/results_bbbc020/jw-Kontrolle3_c1/d55_cp0.0_ft0.3
jw-Kontrolle3_c1,55,0.0,0.5,0.7952744558108186,0.6601291552642088,34,22,0.794921342637631,0.6596427028070724,34,22,/Users/sorro/workspace/02604/project/project_cellpose-main/results_bbbc020/jw-Kontrolle3_c1/d55_cp0.0_ft0.5
jw-Kontrolle3_c1,55,2.0,0.3,0.7820899587157951,0.6421574108142941,31,22,0.7819592789354559,0.6419812288804586,31,22,/Users/sorro/workspace/02604/project/project_cellpose-main/results_bbbc020/jw-Kontrolle3_c1/d55_cp2.0_ft0.3
jw-Kontrolle3_c1,55,2.0,0.5,0.7784281956346297,0.6372349073978815,32,22,0.7782446978840801,0.6369890079758708,32,22,/Users/sorro/workspace/02604/project/project_cellpose-main/results_bbbc020/jw-Kontrolle3_c1/d55_cp2.0_ft0.5
jw-Kontrolle3_c1,70,-2.0,0.3,0.7600997359744974,0.6130329656570374,28,22,0.7600184179253823,0.6129271828810494,28,22,/Users/sorro/workspace/02604/project/project_cellpose-main/results_bbbc020/jw-Kontrolle3_c1/d70_cp-2.0_ft0.3
jw-Kontrolle3_c1,70,-2.0,0.5,0.7604940068173022,0.613546050604056,32,22,0.7603987207792536,0.6134220200686344,32,22,/Users/sorro/workspace/02604/project/project_cellpose-main/results_bbbc020/jw-Kontrolle3_c1/d70_cp-2.0_ft0.5
jw-Kontrolle3_c1,70,0.0,0.3,0.7891522289273896,0.6517352947087076,31,22,0.7888652175691557,0.6513438710643255,31,22,/Users/sorro/workspace/02604/project/project_cellpose-main/results_bbbc020/jw-Kontrolle3_c1/d70_cp0.0_ft0.3
jw-Kontrolle3_c1,70,0.0,0.5,0.7928397931250998,0.6567809215461183,32,22,0.7925523012552301,0.6563864439670108,32,22,/Users/sorro/workspace/02604/project/project_cellpose-main/results_bbbc020/jw-Kontrolle3_c1/d70_cp0.0_ft0.5
jw-Kontrolle3_c1,70,2.0,0.3,0.7782925573042215,0.6370531357219757,30,22,0.7780769065362569,0.6367642208403388,30,22,/Users/sorro/workspace/02604/project/project_cellpose-main/results_bbbc020/jw-Kontrolle3_c1/d70_cp2.0_ft0.3
jw-Kontrolle3_c1,70,2.0,0.5,0.7782925573042215,0.6370531357219757,30,22,0.7780769065362569,0.6367642208403388,30,22,/Users/sorro/workspace/02604/project/project_cellpose-main/results_bbbc020/jw-Kontrolle3_c1/d70_cp2.0_ft0.5
